DEBUG - 2025-12-30 01:59:18 --> Session: Class initialized using 'CodeIgniter\Session\Handlers\FileHandler' driver.
DEBUG - 2025-12-30 01:59:32 --> Session: Class initialized using 'CodeIgniter\Session\Handlers\FileHandler' driver.
DEBUG - 2025-12-30 02:00:29 --> Session: Class initialized using 'CodeIgniter\Session\Handlers\FileHandler' driver.
ERROR - 2025-12-30 02:00:42 --> Error connecting to the database: mysqli_sql_exception: No connection could be made because the target machine actively refused it in C:\xampp\htdocs\coffee-time\system\Database\MySQLi\Connection.php:201
Stack trace:
#0 C:\xampp\htdocs\coffee-time\system\Database\MySQLi\Connection.php(201): mysqli->real_connect('localhost', 'root', Object(SensitiveParameterValue), 'db_coffee_time', 3306, '', 0)
#1 C:\xampp\htdocs\coffee-time\system\Database\BaseConnection.php(419): CodeIgniter\Database\MySQLi\Connection->connect(false)
#2 C:\xampp\htdocs\coffee-time\system\Database\BaseConnection.php(614): CodeIgniter\Database\BaseConnection->initialize()
#3 C:\xampp\htdocs\coffee-time\system\Database\BaseBuilder.php(1649): CodeIgniter\Database\BaseConnection->query('SELECT *\nFROM `...', Array, false)
#4 C:\xampp\htdocs\coffee-time\system\Model.php(286): CodeIgniter\Database\BaseBuilder->get()
#5 C:\xampp\htdocs\coffee-time\system\BaseModel.php(677): CodeIgniter\Model->doFindAll(0, 0)
#6 C:\xampp\htdocs\coffee-time\app\Controllers\Menu.php(15): CodeIgniter\BaseModel->findAll()
#7 C:\xampp\htdocs\coffee-time\system\CodeIgniter.php(933): App\Controllers\Menu->index()
#8 C:\xampp\htdocs\coffee-time\system\CodeIgniter.php(507): CodeIgniter\CodeIgniter->runController(Object(App\Controllers\Menu))
#9 C:\xampp\htdocs\coffee-time\system\CodeIgniter.php(354): CodeIgniter\CodeIgniter->handleRequest(NULL, Object(Config\Cache), false)
#10 C:\xampp\htdocs\coffee-time\system\Boot.php(363): CodeIgniter\CodeIgniter->run()
#11 C:\xampp\htdocs\coffee-time\system\Boot.php(68): CodeIgniter\Boot::runCodeIgniter(Object(CodeIgniter\CodeIgniter))
#12 C:\xampp\htdocs\coffee-time\public\index.php(59): CodeIgniter\Boot::bootWeb(Object(Config\Paths))
#13 C:\xampp\htdocs\coffee-time\system\rewrite.php(44): require_once('C:\\xampp\\htdocs...')
#14 {main}

Next CodeIgniter\Database\Exceptions\DatabaseException: No connection could be made because the target machine actively refused it in C:\xampp\htdocs\coffee-time\system\Database\MySQLi\Connection.php:246
Stack trace:
#0 C:\xampp\htdocs\coffee-time\system\Database\BaseConnection.php(419): CodeIgniter\Database\MySQLi\Connection->connect(false)
#1 C:\xampp\htdocs\coffee-time\system\Database\BaseConnection.php(614): CodeIgniter\Database\BaseConnection->initialize()
#2 C:\xampp\htdocs\coffee-time\system\Database\BaseBuilder.php(1649): CodeIgniter\Database\BaseConnection->query('SELECT *\nFROM `...', Array, false)
#3 C:\xampp\htdocs\coffee-time\system\Model.php(286): CodeIgniter\Database\BaseBuilder->get()
#4 C:\xampp\htdocs\coffee-time\system\BaseModel.php(677): CodeIgniter\Model->doFindAll(0, 0)
#5 C:\xampp\htdocs\coffee-time\app\Controllers\Menu.php(15): CodeIgniter\BaseModel->findAll()
#6 C:\xampp\htdocs\coffee-time\system\CodeIgniter.php(933): App\Controllers\Menu->index()
#7 C:\xampp\htdocs\coffee-time\system\CodeIgniter.php(507): CodeIgniter\CodeIgniter->runController(Object(App\Controllers\Menu))
#8 C:\xampp\htdocs\coffee-time\system\CodeIgniter.php(354): CodeIgniter\CodeIgniter->handleRequest(NULL, Object(Config\Cache), false)
#9 C:\xampp\htdocs\coffee-time\system\Boot.php(363): CodeIgniter\CodeIgniter->run()
#10 C:\xampp\htdocs\coffee-time\system\Boot.php(68): CodeIgniter\Boot::runCodeIgniter(Object(CodeIgniter\CodeIgniter))
#11 C:\xampp\htdocs\coffee-time\public\index.php(59): CodeIgniter\Boot::bootWeb(Object(Config\Paths))
#12 C:\xampp\htdocs\coffee-time\system\rewrite.php(44): require_once('C:\\xampp\\htdocs...')
#13 {main}
CRITICAL - 2025-12-30 02:00:42 --> CodeIgniter\Database\Exceptions\DatabaseException: Unable to connect to the database.
Main connection [MySQLi]: No connection could be made because the target machine actively refused it
[Method: GET, Route: menu]
in SYSTEMPATH\Database\BaseConnection.php on line 465.
 1 SYSTEMPATH\Database\BaseConnection.php(614): CodeIgniter\Database\BaseConnection->initialize()
 2 SYSTEMPATH\Database\BaseBuilder.php(1649): CodeIgniter\Database\BaseConnection->query('SELECT *
FROM `products`
WHERE `status` = :status:', [...], false)
 3 SYSTEMPATH\Model.php(286): CodeIgniter\Database\BaseBuilder->get()
 4 SYSTEMPATH\BaseModel.php(677): CodeIgniter\Model->doFindAll(0, 0)
 5 APPPATH\Controllers\Menu.php(15): CodeIgniter\BaseModel->findAll()
 6 SYSTEMPATH\CodeIgniter.php(933): App\Controllers\Menu->index()
 7 SYSTEMPATH\CodeIgniter.php(507): CodeIgniter\CodeIgniter->runController(Object(App\Controllers\Menu))
 8 SYSTEMPATH\CodeIgniter.php(354): CodeIgniter\CodeIgniter->handleRequest(null, Object(Config\Cache), false)
 9 SYSTEMPATH\Boot.php(363): CodeIgniter\CodeIgniter->run()
10 SYSTEMPATH\Boot.php(68): CodeIgniter\Boot::runCodeIgniter(Object(CodeIgniter\CodeIgniter))
11 FCPATH\index.php(59): CodeIgniter\Boot::bootWeb(Object(Config\Paths))
12 SYSTEMPATH\rewrite.php(44): require_once('C:\\xampp\\htdocs\\coffee-time\\public\\index.php')
DEBUG - 2025-12-30 02:01:18 --> Session: Class initialized using 'CodeIgniter\Session\Handlers\FileHandler' driver.
CRITICAL - 2025-12-30 02:19:47 --> Error: Class "App\Models\CategoryModel" not found
[Method: GET, Route: menu]
in APPPATH\Controllers\Menu.php on line 13.
 1 SYSTEMPATH\CodeIgniter.php(933): App\Controllers\Menu->index()
 2 SYSTEMPATH\CodeIgniter.php(507): CodeIgniter\CodeIgniter->runController(Object(App\Controllers\Menu))
 3 SYSTEMPATH\CodeIgniter.php(354): CodeIgniter\CodeIgniter->handleRequest(null, Object(Config\Cache), false)
 4 SYSTEMPATH\Boot.php(363): CodeIgniter\CodeIgniter->run()
 5 SYSTEMPATH\Boot.php(68): CodeIgniter\Boot::runCodeIgniter(Object(CodeIgniter\CodeIgniter))
 6 FCPATH\index.php(59): CodeIgniter\Boot::bootWeb(Object(Config\Paths))
 7 SYSTEMPATH\rewrite.php(44): require_once('C:\\xampp\\htdocs\\coffee-time\\public\\index.php')
CRITICAL - 2025-12-30 02:19:58 --> Error: Class "App\Models\CategoryModel" not found
[Method: GET, Route: menu]
in APPPATH\Controllers\Menu.php on line 13.
 1 SYSTEMPATH\CodeIgniter.php(933): App\Controllers\Menu->index()
 2 SYSTEMPATH\CodeIgniter.php(507): CodeIgniter\CodeIgniter->runController(Object(App\Controllers\Menu))
 3 SYSTEMPATH\CodeIgniter.php(354): CodeIgniter\CodeIgniter->handleRequest(null, Object(Config\Cache), false)
 4 SYSTEMPATH\Boot.php(363): CodeIgniter\CodeIgniter->run()
 5 SYSTEMPATH\Boot.php(68): CodeIgniter\Boot::runCodeIgniter(Object(CodeIgniter\CodeIgniter))
 6 FCPATH\index.php(59): CodeIgniter\Boot::bootWeb(Object(Config\Paths))
 7 SYSTEMPATH\rewrite.php(44): require_once('C:\\xampp\\htdocs\\coffee-time\\public\\index.php')
CRITICAL - 2025-12-30 02:20:52 --> Error: Class "App\Models\CategoryModel" not found
[Method: GET, Route: menu]
in APPPATH\Controllers\Menu.php on line 13.
 1 SYSTEMPATH\CodeIgniter.php(933): App\Controllers\Menu->index()
 2 SYSTEMPATH\CodeIgniter.php(507): CodeIgniter\CodeIgniter->runController(Object(App\Controllers\Menu))
 3 SYSTEMPATH\CodeIgniter.php(354): CodeIgniter\CodeIgniter->handleRequest(null, Object(Config\Cache), false)
 4 SYSTEMPATH\Boot.php(363): CodeIgniter\CodeIgniter->run()
 5 SYSTEMPATH\Boot.php(68): CodeIgniter\Boot::runCodeIgniter(Object(CodeIgniter\CodeIgniter))
 6 FCPATH\index.php(59): CodeIgniter\Boot::bootWeb(Object(Config\Paths))
 7 SYSTEMPATH\rewrite.php(44): require_once('C:\\xampp\\htdocs\\coffee-time\\public\\index.php')
CRITICAL - 2025-12-30 02:20:55 --> Error: Class "App\Models\CategoryModel" not found
[Method: GET, Route: menu]
in APPPATH\Controllers\Menu.php on line 13.
 1 SYSTEMPATH\CodeIgniter.php(933): App\Controllers\Menu->index()
 2 SYSTEMPATH\CodeIgniter.php(507): CodeIgniter\CodeIgniter->runController(Object(App\Controllers\Menu))
 3 SYSTEMPATH\CodeIgniter.php(354): CodeIgniter\CodeIgniter->handleRequest(null, Object(Config\Cache), false)
 4 SYSTEMPATH\Boot.php(363): CodeIgniter\CodeIgniter->run()
 5 SYSTEMPATH\Boot.php(68): CodeIgniter\Boot::runCodeIgniter(Object(CodeIgniter\CodeIgniter))
 6 FCPATH\index.php(59): CodeIgniter\Boot::bootWeb(Object(Config\Paths))
 7 SYSTEMPATH\rewrite.php(44): require_once('C:\\xampp\\htdocs\\coffee-time\\public\\index.php')
CRITICAL - 2025-12-30 02:20:56 --> Error: Class "App\Models\CategoryModel" not found
[Method: GET, Route: menu]
in APPPATH\Controllers\Menu.php on line 13.
 1 SYSTEMPATH\CodeIgniter.php(933): App\Controllers\Menu->index()
 2 SYSTEMPATH\CodeIgniter.php(507): CodeIgniter\CodeIgniter->runController(Object(App\Controllers\Menu))
 3 SYSTEMPATH\CodeIgniter.php(354): CodeIgniter\CodeIgniter->handleRequest(null, Object(Config\Cache), false)
 4 SYSTEMPATH\Boot.php(363): CodeIgniter\CodeIgniter->run()
 5 SYSTEMPATH\Boot.php(68): CodeIgniter\Boot::runCodeIgniter(Object(CodeIgniter\CodeIgniter))
 6 FCPATH\index.php(59): CodeIgniter\Boot::bootWeb(Object(Config\Paths))
 7 SYSTEMPATH\rewrite.php(44): require_once('C:\\xampp\\htdocs\\coffee-time\\public\\index.php')
CRITICAL - 2025-12-30 02:20:57 --> Error: Class "App\Models\CategoryModel" not found
[Method: GET, Route: menu]
in APPPATH\Controllers\Menu.php on line 13.
 1 SYSTEMPATH\CodeIgniter.php(933): App\Controllers\Menu->index()
 2 SYSTEMPATH\CodeIgniter.php(507): CodeIgniter\CodeIgniter->runController(Object(App\Controllers\Menu))
 3 SYSTEMPATH\CodeIgniter.php(354): CodeIgniter\CodeIgniter->handleRequest(null, Object(Config\Cache), false)
 4 SYSTEMPATH\Boot.php(363): CodeIgniter\CodeIgniter->run()
 5 SYSTEMPATH\Boot.php(68): CodeIgniter\Boot::runCodeIgniter(Object(CodeIgniter\CodeIgniter))
 6 FCPATH\index.php(59): CodeIgniter\Boot::bootWeb(Object(Config\Paths))
 7 SYSTEMPATH\rewrite.php(44): require_once('C:\\xampp\\htdocs\\coffee-time\\public\\index.php')
CRITICAL - 2025-12-30 02:20:57 --> Error: Class "App\Models\CategoryModel" not found
[Method: GET, Route: menu]
in APPPATH\Controllers\Menu.php on line 13.
 1 SYSTEMPATH\CodeIgniter.php(933): App\Controllers\Menu->index()
 2 SYSTEMPATH\CodeIgniter.php(507): CodeIgniter\CodeIgniter->runController(Object(App\Controllers\Menu))
 3 SYSTEMPATH\CodeIgniter.php(354): CodeIgniter\CodeIgniter->handleRequest(null, Object(Config\Cache), false)
 4 SYSTEMPATH\Boot.php(363): CodeIgniter\CodeIgniter->run()
 5 SYSTEMPATH\Boot.php(68): CodeIgniter\Boot::runCodeIgniter(Object(CodeIgniter\CodeIgniter))
 6 FCPATH\index.php(59): CodeIgniter\Boot::bootWeb(Object(Config\Paths))
 7 SYSTEMPATH\rewrite.php(44): require_once('C:\\xampp\\htdocs\\coffee-time\\public\\index.php')
CRITICAL - 2025-12-30 02:20:58 --> Error: Class "App\Models\CategoryModel" not found
[Method: GET, Route: menu]
in APPPATH\Controllers\Menu.php on line 13.
 1 SYSTEMPATH\CodeIgniter.php(933): App\Controllers\Menu->index()
 2 SYSTEMPATH\CodeIgniter.php(507): CodeIgniter\CodeIgniter->runController(Object(App\Controllers\Menu))
 3 SYSTEMPATH\CodeIgniter.php(354): CodeIgniter\CodeIgniter->handleRequest(null, Object(Config\Cache), false)
 4 SYSTEMPATH\Boot.php(363): CodeIgniter\CodeIgniter->run()
 5 SYSTEMPATH\Boot.php(68): CodeIgniter\Boot::runCodeIgniter(Object(CodeIgniter\CodeIgniter))
 6 FCPATH\index.php(59): CodeIgniter\Boot::bootWeb(Object(Config\Paths))
 7 SYSTEMPATH\rewrite.php(44): require_once('C:\\xampp\\htdocs\\coffee-time\\public\\index.php')
CRITICAL - 2025-12-30 02:20:58 --> Error: Class "App\Models\CategoryModel" not found
[Method: GET, Route: menu]
in APPPATH\Controllers\Menu.php on line 13.
 1 SYSTEMPATH\CodeIgniter.php(933): App\Controllers\Menu->index()
 2 SYSTEMPATH\CodeIgniter.php(507): CodeIgniter\CodeIgniter->runController(Object(App\Controllers\Menu))
 3 SYSTEMPATH\CodeIgniter.php(354): CodeIgniter\CodeIgniter->handleRequest(null, Object(Config\Cache), false)
 4 SYSTEMPATH\Boot.php(363): CodeIgniter\CodeIgniter->run()
 5 SYSTEMPATH\Boot.php(68): CodeIgniter\Boot::runCodeIgniter(Object(CodeIgniter\CodeIgniter))
 6 FCPATH\index.php(59): CodeIgniter\Boot::bootWeb(Object(Config\Paths))
 7 SYSTEMPATH\rewrite.php(44): require_once('C:\\xampp\\htdocs\\coffee-time\\public\\index.php')
CRITICAL - 2025-12-30 02:20:58 --> Error: Class "App\Models\CategoryModel" not found
[Method: GET, Route: menu]
in APPPATH\Controllers\Menu.php on line 13.
 1 SYSTEMPATH\CodeIgniter.php(933): App\Controllers\Menu->index()
 2 SYSTEMPATH\CodeIgniter.php(507): CodeIgniter\CodeIgniter->runController(Object(App\Controllers\Menu))
 3 SYSTEMPATH\CodeIgniter.php(354): CodeIgniter\CodeIgniter->handleRequest(null, Object(Config\Cache), false)
 4 SYSTEMPATH\Boot.php(363): CodeIgniter\CodeIgniter->run()
 5 SYSTEMPATH\Boot.php(68): CodeIgniter\Boot::runCodeIgniter(Object(CodeIgniter\CodeIgniter))
 6 FCPATH\index.php(59): CodeIgniter\Boot::bootWeb(Object(Config\Paths))
 7 SYSTEMPATH\rewrite.php(44): require_once('C:\\xampp\\htdocs\\coffee-time\\public\\index.php')
CRITICAL - 2025-12-30 02:20:59 --> Error: Class "App\Models\CategoryModel" not found
[Method: GET, Route: menu]
in APPPATH\Controllers\Menu.php on line 13.
 1 SYSTEMPATH\CodeIgniter.php(933): App\Controllers\Menu->index()
 2 SYSTEMPATH\CodeIgniter.php(507): CodeIgniter\CodeIgniter->runController(Object(App\Controllers\Menu))
 3 SYSTEMPATH\CodeIgniter.php(354): CodeIgniter\CodeIgniter->handleRequest(null, Object(Config\Cache), false)
 4 SYSTEMPATH\Boot.php(363): CodeIgniter\CodeIgniter->run()
 5 SYSTEMPATH\Boot.php(68): CodeIgniter\Boot::runCodeIgniter(Object(CodeIgniter\CodeIgniter))
 6 FCPATH\index.php(59): CodeIgniter\Boot::bootWeb(Object(Config\Paths))
 7 SYSTEMPATH\rewrite.php(44): require_once('C:\\xampp\\htdocs\\coffee-time\\public\\index.php')
DEBUG - 2025-12-30 02:35:41 --> Session: Class initialized using 'CodeIgniter\Session\Handlers\FileHandler' driver.
CRITICAL - 2025-12-30 02:35:41 --> CodeIgniter\View\Exceptions\ViewException: Invalid file: "auth/login_page.php"
[Method: GET, Route: auth/login]
in SYSTEMPATH\Exceptions\FrameworkException.php on line 39.
 1 SYSTEMPATH\View\View.php(214): CodeIgniter\Exceptions\FrameworkException::forInvalidFile('auth/login_page.php')
 2 SYSTEMPATH\Common.php(1199): CodeIgniter\View\View->render('auth/login_page', [], true)
 3 APPPATH\Controllers\Auth.php(10): view('auth/login_page')
 4 SYSTEMPATH\CodeIgniter.php(933): App\Controllers\Auth->login()
 5 SYSTEMPATH\CodeIgniter.php(507): CodeIgniter\CodeIgniter->runController(Object(App\Controllers\Auth))
 6 SYSTEMPATH\CodeIgniter.php(354): CodeIgniter\CodeIgniter->handleRequest(null, Object(Config\Cache), false)
 7 SYSTEMPATH\Boot.php(363): CodeIgniter\CodeIgniter->run()
 8 SYSTEMPATH\Boot.php(68): CodeIgniter\Boot::runCodeIgniter(Object(CodeIgniter\CodeIgniter))
 9 FCPATH\index.php(59): CodeIgniter\Boot::bootWeb(Object(Config\Paths))
10 SYSTEMPATH\rewrite.php(44): require_once('C:\\xampp\\htdocs\\coffee-time\\public\\index.php')
ERROR - 2025-12-30 04:07:09 --> mysqli_sql_exception: Unknown column 'is_active' in 'where clause' in C:\xampp\htdocs\coffee-time\system\Database\MySQLi\Connection.php:327
Stack trace:
#0 C:\xampp\htdocs\coffee-time\system\Database\MySQLi\Connection.php(327): mysqli->query('SELECT *\nFROM `...', 0)
#1 C:\xampp\htdocs\coffee-time\system\Database\BaseConnection.php(729): CodeIgniter\Database\MySQLi\Connection->execute('SELECT *\nFROM `...')
#2 C:\xampp\htdocs\coffee-time\system\Database\BaseConnection.php(646): CodeIgniter\Database\BaseConnection->simpleQuery('SELECT *\nFROM `...')
#3 C:\xampp\htdocs\coffee-time\system\Database\BaseBuilder.php(1649): CodeIgniter\Database\BaseConnection->query('SELECT *\nFROM `...', Array, false)
#4 C:\xampp\htdocs\coffee-time\system\Model.php(286): CodeIgniter\Database\BaseBuilder->get()
#5 C:\xampp\htdocs\coffee-time\system\BaseModel.php(677): CodeIgniter\Model->doFindAll(0, 0)
#6 C:\xampp\htdocs\coffee-time\app\Controllers\Gallery.php(16): CodeIgniter\BaseModel->findAll()
#7 C:\xampp\htdocs\coffee-time\system\CodeIgniter.php(933): App\Controllers\Gallery->index()
#8 C:\xampp\htdocs\coffee-time\system\CodeIgniter.php(507): CodeIgniter\CodeIgniter->runController(Object(App\Controllers\Gallery))
#9 C:\xampp\htdocs\coffee-time\system\CodeIgniter.php(354): CodeIgniter\CodeIgniter->handleRequest(NULL, Object(Config\Cache), false)
#10 C:\xampp\htdocs\coffee-time\system\Boot.php(363): CodeIgniter\CodeIgniter->run()
#11 C:\xampp\htdocs\coffee-time\system\Boot.php(68): CodeIgniter\Boot::runCodeIgniter(Object(CodeIgniter\CodeIgniter))
#12 C:\xampp\htdocs\coffee-time\public\index.php(59): CodeIgniter\Boot::bootWeb(Object(Config\Paths))
#13 C:\xampp\htdocs\coffee-time\system\rewrite.php(44): require_once('C:\\xampp\\htdocs...')
#14 {main}
CRITICAL - 2025-12-30 04:07:09 --> CodeIgniter\Database\Exceptions\DatabaseException: Unknown column 'is_active' in 'where clause'
[Method: GET, Route: gallery]
in SYSTEMPATH\Database\BaseConnection.php on line 684.
 1 SYSTEMPATH\Database\BaseBuilder.php(1649): CodeIgniter\Database\BaseConnection->query('SELECT *
FROM `products`
WHERE `is_active` = :is_active:', [...], false)
 2 SYSTEMPATH\Model.php(286): CodeIgniter\Database\BaseBuilder->get()
 3 SYSTEMPATH\BaseModel.php(677): CodeIgniter\Model->doFindAll(0, 0)
 4 APPPATH\Controllers\Gallery.php(16): CodeIgniter\BaseModel->findAll()
 5 SYSTEMPATH\CodeIgniter.php(933): App\Controllers\Gallery->index()
 6 SYSTEMPATH\CodeIgniter.php(507): CodeIgniter\CodeIgniter->runController(Object(App\Controllers\Gallery))
 7 SYSTEMPATH\CodeIgniter.php(354): CodeIgniter\CodeIgniter->handleRequest(null, Object(Config\Cache), false)
 8 SYSTEMPATH\Boot.php(363): CodeIgniter\CodeIgniter->run()
 9 SYSTEMPATH\Boot.php(68): CodeIgniter\Boot::runCodeIgniter(Object(CodeIgniter\CodeIgniter))
10 FCPATH\index.php(59): CodeIgniter\Boot::bootWeb(Object(Config\Paths))
11 SYSTEMPATH\rewrite.php(44): require_once('C:\\xampp\\htdocs\\coffee-time\\public\\index.php')
CRITICAL - 2025-12-30 04:07:09 --> [Caused by] CodeIgniter\Database\Exceptions\DatabaseException: Unknown column 'is_active' in 'where clause'
in SYSTEMPATH\Database\MySQLi\Connection.php on line 332.
 1 SYSTEMPATH\Database\BaseConnection.php(729): CodeIgniter\Database\MySQLi\Connection->execute('SELECT *
FROM `products`
WHERE `is_active` = 1')
 2 SYSTEMPATH\Database\BaseConnection.php(646): CodeIgniter\Database\BaseConnection->simpleQuery('SELECT *
FROM `products`
WHERE `is_active` = 1')
 3 SYSTEMPATH\Database\BaseBuilder.php(1649): CodeIgniter\Database\BaseConnection->query('SELECT *
FROM `products`
WHERE `is_active` = :is_active:', [...], false)
 4 SYSTEMPATH\Model.php(286): CodeIgniter\Database\BaseBuilder->get()
 5 SYSTEMPATH\BaseModel.php(677): CodeIgniter\Model->doFindAll(0, 0)
 6 APPPATH\Controllers\Gallery.php(16): CodeIgniter\BaseModel->findAll()
 7 SYSTEMPATH\CodeIgniter.php(933): App\Controllers\Gallery->index()
 8 SYSTEMPATH\CodeIgniter.php(507): CodeIgniter\CodeIgniter->runController(Object(App\Controllers\Gallery))
 9 SYSTEMPATH\CodeIgniter.php(354): CodeIgniter\CodeIgniter->handleRequest(null, Object(Config\Cache), false)
10 SYSTEMPATH\Boot.php(363): CodeIgniter\CodeIgniter->run()
11 SYSTEMPATH\Boot.php(68): CodeIgniter\Boot::runCodeIgniter(Object(CodeIgniter\CodeIgniter))
12 FCPATH\index.php(59): CodeIgniter\Boot::bootWeb(Object(Config\Paths))
13 SYSTEMPATH\rewrite.php(44): require_once('C:\\xampp\\htdocs\\coffee-time\\public\\index.php')
CRITICAL - 2025-12-30 04:07:09 --> [Caused by] mysqli_sql_exception: Unknown column 'is_active' in 'where clause'
in SYSTEMPATH\Database\MySQLi\Connection.php on line 327.
 1 SYSTEMPATH\Database\MySQLi\Connection.php(327): mysqli->query('SELECT *
FROM `products`
WHERE `is_active` = 1', 0)
 2 SYSTEMPATH\Database\BaseConnection.php(729): CodeIgniter\Database\MySQLi\Connection->execute('SELECT *
FROM `products`
WHERE `is_active` = 1')
 3 SYSTEMPATH\Database\BaseConnection.php(646): CodeIgniter\Database\BaseConnection->simpleQuery('SELECT *
FROM `products`
WHERE `is_active` = 1')
 4 SYSTEMPATH\Database\BaseBuilder.php(1649): CodeIgniter\Database\BaseConnection->query('SELECT *
FROM `products`
WHERE `is_active` = :is_active:', [...], false)
 5 SYSTEMPATH\Model.php(286): CodeIgniter\Database\BaseBuilder->get()
 6 SYSTEMPATH\BaseModel.php(677): CodeIgniter\Model->doFindAll(0, 0)
 7 APPPATH\Controllers\Gallery.php(16): CodeIgniter\BaseModel->findAll()
 8 SYSTEMPATH\CodeIgniter.php(933): App\Controllers\Gallery->index()
 9 SYSTEMPATH\CodeIgniter.php(507): CodeIgniter\CodeIgniter->runController(Object(App\Controllers\Gallery))
10 SYSTEMPATH\CodeIgniter.php(354): CodeIgniter\CodeIgniter->handleRequest(null, Object(Config\Cache), false)
11 SYSTEMPATH\Boot.php(363): CodeIgniter\CodeIgniter->run()
12 SYSTEMPATH\Boot.php(68): CodeIgniter\Boot::runCodeIgniter(Object(CodeIgniter\CodeIgniter))
13 FCPATH\index.php(59): CodeIgniter\Boot::bootWeb(Object(Config\Paths))
14 SYSTEMPATH\rewrite.php(44): require_once('C:\\xampp\\htdocs\\coffee-time\\public\\index.php')
DEBUG - 2025-12-30 04:18:25 --> Session: Class initialized using 'CodeIgniter\Session\Handlers\FileHandler' driver.
CRITICAL - 2025-12-30 04:18:25 --> ErrorException: Undefined array key "image_url"
[Method: GET, Route: gallery]
in APPPATH\Views\pages\gallery.php on line 340.
 1 APPPATH\Views\pages\gallery.php(340): CodeIgniter\Debug\Exceptions->errorHandler(2, 'Undefined array key "image_url"', 'C:\\xampp\\htdocs\\coffee-time\\app\\Views\\pages\\gallery.php', 340)
 2 SYSTEMPATH\View\View.php(226): include('C:\\xampp\\htdocs\\coffee-time\\app\\Views\\pages\\gallery.php')
 3 SYSTEMPATH\View\View.php(229): CodeIgniter\View\View->CodeIgniter\View\{closure}()
 4 SYSTEMPATH\Common.php(1199): CodeIgniter\View\View->render('pages/gallery', [], true)
 5 APPPATH\Controllers\Gallery.php(31): view('pages/gallery', [...])
 6 SYSTEMPATH\CodeIgniter.php(933): App\Controllers\Gallery->index()
 7 SYSTEMPATH\CodeIgniter.php(507): CodeIgniter\CodeIgniter->runController(Object(App\Controllers\Gallery))
 8 SYSTEMPATH\CodeIgniter.php(354): CodeIgniter\CodeIgniter->handleRequest(null, Object(Config\Cache), false)
 9 SYSTEMPATH\Boot.php(363): CodeIgniter\CodeIgniter->run()
10 SYSTEMPATH\Boot.php(68): CodeIgniter\Boot::runCodeIgniter(Object(CodeIgniter\CodeIgniter))
11 FCPATH\index.php(59): CodeIgniter\Boot::bootWeb(Object(Config\Paths))
12 SYSTEMPATH\rewrite.php(44): require_once('C:\\xampp\\htdocs\\coffee-time\\public\\index.php')
DEBUG - 2025-12-30 04:20:05 --> Session: Class initialized using 'CodeIgniter\Session\Handlers\FileHandler' driver.
DEBUG - 2025-12-30 04:20:45 --> Session: Class initialized using 'CodeIgniter\Session\Handlers\FileHandler' driver.
CRITICAL - 2025-12-30 04:29:51 --> ErrorException: Undefined array key "category_slug"
[Method: GET, Route: menu]
in APPPATH\Views\pages\menu.php on line 404.
 1 APPPATH\Views\pages\menu.php(404): CodeIgniter\Debug\Exceptions->errorHandler(2, 'Undefined array key "category_slug"', 'C:\\xampp\\htdocs\\coffee-time\\app\\Views\\pages\\menu.php', 404)
 2 SYSTEMPATH\View\View.php(226): include('C:\\xampp\\htdocs\\coffee-time\\app\\Views\\pages\\menu.php')
 3 SYSTEMPATH\View\View.php(229): CodeIgniter\View\View->CodeIgniter\View\{closure}()
 4 SYSTEMPATH\Common.php(1199): CodeIgniter\View\View->render('pages/menu', [], true)
 5 APPPATH\Controllers\Menu.php(30): view('pages/menu', [...])
 6 SYSTEMPATH\CodeIgniter.php(933): App\Controllers\Menu->index()
 7 SYSTEMPATH\CodeIgniter.php(507): CodeIgniter\CodeIgniter->runController(Object(App\Controllers\Menu))
 8 SYSTEMPATH\CodeIgniter.php(354): CodeIgniter\CodeIgniter->handleRequest(null, Object(Config\Cache), false)
 9 SYSTEMPATH\Boot.php(363): CodeIgniter\CodeIgniter->run()
10 SYSTEMPATH\Boot.php(68): CodeIgniter\Boot::runCodeIgniter(Object(CodeIgniter\CodeIgniter))
11 FCPATH\index.php(59): CodeIgniter\Boot::bootWeb(Object(Config\Paths))
12 SYSTEMPATH\rewrite.php(44): require_once('C:\\xampp\\htdocs\\coffee-time\\public\\index.php')
DEBUG - 2025-12-30 04:33:32 --> Session: Class initialized using 'CodeIgniter\Session\Handlers\FileHandler' driver.
DEBUG - 2025-12-30 04:35:24 --> Session: Class initialized using 'CodeIgniter\Session\Handlers\FileHandler' driver.
DEBUG - 2025-12-30 04:37:42 --> Session: Class initialized using 'CodeIgniter\Session\Handlers\FileHandler' driver.
CRITICAL - 2025-12-30 04:41:37 --> ErrorException: Undefined array key "category_slug"
[Method: GET, Route: menu]
in APPPATH\Views\pages\menu.php on line 400.
 1 APPPATH\Views\pages\menu.php(400): CodeIgniter\Debug\Exceptions->errorHandler(2, 'Undefined array key "category_slug"', 'C:\\xampp\\htdocs\\coffee-time\\app\\Views\\pages\\menu.php', 400)
 2 SYSTEMPATH\View\View.php(226): include('C:\\xampp\\htdocs\\coffee-time\\app\\Views\\pages\\menu.php')
 3 SYSTEMPATH\View\View.php(229): CodeIgniter\View\View->CodeIgniter\View\{closure}()
 4 SYSTEMPATH\Common.php(1199): CodeIgniter\View\View->render('pages/menu', [], true)
 5 APPPATH\Controllers\Menu.php(33): view('pages/menu', [...])
 6 SYSTEMPATH\CodeIgniter.php(933): App\Controllers\Menu->index()
 7 SYSTEMPATH\CodeIgniter.php(507): CodeIgniter\CodeIgniter->runController(Object(App\Controllers\Menu))
 8 SYSTEMPATH\CodeIgniter.php(354): CodeIgniter\CodeIgniter->handleRequest(null, Object(Config\Cache), false)
 9 SYSTEMPATH\Boot.php(363): CodeIgniter\CodeIgniter->run()
10 SYSTEMPATH\Boot.php(68): CodeIgniter\Boot::runCodeIgniter(Object(CodeIgniter\CodeIgniter))
11 FCPATH\index.php(59): CodeIgniter\Boot::bootWeb(Object(Config\Paths))
12 SYSTEMPATH\rewrite.php(44): require_once('C:\\xampp\\htdocs\\coffee-time\\public\\index.php')
CRITICAL - 2025-12-30 04:41:52 --> ErrorException: Undefined array key "category_slug"
[Method: GET, Route: menu]
in APPPATH\Views\pages\menu.php on line 400.
 1 APPPATH\Views\pages\menu.php(400): CodeIgniter\Debug\Exceptions->errorHandler(2, 'Undefined array key "category_slug"', 'C:\\xampp\\htdocs\\coffee-time\\app\\Views\\pages\\menu.php', 400)
 2 SYSTEMPATH\View\View.php(226): include('C:\\xampp\\htdocs\\coffee-time\\app\\Views\\pages\\menu.php')
 3 SYSTEMPATH\View\View.php(229): CodeIgniter\View\View->CodeIgniter\View\{closure}()
 4 SYSTEMPATH\Common.php(1199): CodeIgniter\View\View->render('pages/menu', [], true)
 5 APPPATH\Controllers\Menu.php(33): view('pages/menu', [...])
 6 SYSTEMPATH\CodeIgniter.php(933): App\Controllers\Menu->index()
 7 SYSTEMPATH\CodeIgniter.php(507): CodeIgniter\CodeIgniter->runController(Object(App\Controllers\Menu))
 8 SYSTEMPATH\CodeIgniter.php(354): CodeIgniter\CodeIgniter->handleRequest(null, Object(Config\Cache), false)
 9 SYSTEMPATH\Boot.php(363): CodeIgniter\CodeIgniter->run()
10 SYSTEMPATH\Boot.php(68): CodeIgniter\Boot::runCodeIgniter(Object(CodeIgniter\CodeIgniter))
11 FCPATH\index.php(59): CodeIgniter\Boot::bootWeb(Object(Config\Paths))
12 SYSTEMPATH\rewrite.php(44): require_once('C:\\xampp\\htdocs\\coffee-time\\public\\index.php')
CRITICAL - 2025-12-30 04:43:04 --> ErrorException: Undefined array key "category_slug"
[Method: GET, Route: menu]
in APPPATH\Views\pages\menu.php on line 400.
 1 APPPATH\Views\pages\menu.php(400): CodeIgniter\Debug\Exceptions->errorHandler(2, 'Undefined array key "category_slug"', 'C:\\xampp\\htdocs\\coffee-time\\app\\Views\\pages\\menu.php', 400)
 2 SYSTEMPATH\View\View.php(226): include('C:\\xampp\\htdocs\\coffee-time\\app\\Views\\pages\\menu.php')
 3 SYSTEMPATH\View\View.php(229): CodeIgniter\View\View->CodeIgniter\View\{closure}()
 4 SYSTEMPATH\Common.php(1199): CodeIgniter\View\View->render('pages/menu', [], true)
 5 APPPATH\Controllers\Menu.php(33): view('pages/menu', [...])
 6 SYSTEMPATH\CodeIgniter.php(933): App\Controllers\Menu->index()
 7 SYSTEMPATH\CodeIgniter.php(507): CodeIgniter\CodeIgniter->runController(Object(App\Controllers\Menu))
 8 SYSTEMPATH\CodeIgniter.php(354): CodeIgniter\CodeIgniter->handleRequest(null, Object(Config\Cache), false)
 9 SYSTEMPATH\Boot.php(363): CodeIgniter\CodeIgniter->run()
10 SYSTEMPATH\Boot.php(68): CodeIgniter\Boot::runCodeIgniter(Object(CodeIgniter\CodeIgniter))
11 FCPATH\index.php(59): CodeIgniter\Boot::bootWeb(Object(Config\Paths))
12 SYSTEMPATH\rewrite.php(44): require_once('C:\\xampp\\htdocs\\coffee-time\\public\\index.php')
DEBUG - 2025-12-30 04:46:21 --> Session: Class initialized using 'CodeIgniter\Session\Handlers\FileHandler' driver.
DEBUG - 2025-12-30 04:47:24 --> Session: Class initialized using 'CodeIgniter\Session\Handlers\FileHandler' driver.
DEBUG - 2025-12-30 04:48:59 --> Session: Class initialized using 'CodeIgniter\Session\Handlers\FileHandler' driver.
DEBUG - 2025-12-30 04:54:03 --> Session: Class initialized using 'CodeIgniter\Session\Handlers\FileHandler' driver.
DEBUG - 2025-12-30 04:54:21 --> Session: Class initialized using 'CodeIgniter\Session\Handlers\FileHandler' driver.
DEBUG - 2025-12-30 05:14:45 --> Session: Class initialized using 'CodeIgniter\Session\Handlers\FileHandler' driver.
ERROR - 2025-12-30 05:38:12 --> mysqli_sql_exception: Table 'db_coffee_time.story_atmospheres' doesn't exist in C:\xampp\htdocs\coffee-time\system\Database\MySQLi\Connection.php:327
Stack trace:
#0 C:\xampp\htdocs\coffee-time\system\Database\MySQLi\Connection.php(327): mysqli->query('SELECT *\nFROM `...', 0)
#1 C:\xampp\htdocs\coffee-time\system\Database\BaseConnection.php(729): CodeIgniter\Database\MySQLi\Connection->execute('SELECT *\nFROM `...')
#2 C:\xampp\htdocs\coffee-time\system\Database\BaseConnection.php(646): CodeIgniter\Database\BaseConnection->simpleQuery('SELECT *\nFROM `...')
#3 C:\xampp\htdocs\coffee-time\system\Database\BaseBuilder.php(1649): CodeIgniter\Database\BaseConnection->query('SELECT *\nFROM `...', Array, false)
#4 C:\xampp\htdocs\coffee-time\system\Model.php(286): CodeIgniter\Database\BaseBuilder->get()
#5 C:\xampp\htdocs\coffee-time\system\BaseModel.php(677): CodeIgniter\Model->doFindAll(0, 0)
#6 C:\xampp\htdocs\coffee-time\app\Controllers\Home.php(30): CodeIgniter\BaseModel->findAll()
#7 C:\xampp\htdocs\coffee-time\system\CodeIgniter.php(933): App\Controllers\Home->about()
#8 C:\xampp\htdocs\coffee-time\system\CodeIgniter.php(507): CodeIgniter\CodeIgniter->runController(Object(App\Controllers\Home))
#9 C:\xampp\htdocs\coffee-time\system\CodeIgniter.php(354): CodeIgniter\CodeIgniter->handleRequest(NULL, Object(Config\Cache), false)
#10 C:\xampp\htdocs\coffee-time\system\Boot.php(363): CodeIgniter\CodeIgniter->run()
#11 C:\xampp\htdocs\coffee-time\system\Boot.php(68): CodeIgniter\Boot::runCodeIgniter(Object(CodeIgniter\CodeIgniter))
#12 C:\xampp\htdocs\coffee-time\public\index.php(59): CodeIgniter\Boot::bootWeb(Object(Config\Paths))
#13 C:\xampp\htdocs\coffee-time\system\rewrite.php(44): require_once('C:\\xampp\\htdocs...')
#14 {main}
CRITICAL - 2025-12-30 05:38:12 --> CodeIgniter\Database\Exceptions\DatabaseException: Table 'db_coffee_time.story_atmospheres' doesn't exist
[Method: GET, Route: about]
in SYSTEMPATH\Database\BaseConnection.php on line 684.
 1 SYSTEMPATH\Database\BaseBuilder.php(1649): CodeIgniter\Database\BaseConnection->query('SELECT *
FROM `story_atmospheres`
WHERE `is_active` = :is_active:', [...], false)
 2 SYSTEMPATH\Model.php(286): CodeIgniter\Database\BaseBuilder->get()
 3 SYSTEMPATH\BaseModel.php(677): CodeIgniter\Model->doFindAll(0, 0)
 4 APPPATH\Controllers\Home.php(30): CodeIgniter\BaseModel->findAll()
 5 SYSTEMPATH\CodeIgniter.php(933): App\Controllers\Home->about()
 6 SYSTEMPATH\CodeIgniter.php(507): CodeIgniter\CodeIgniter->runController(Object(App\Controllers\Home))
 7 SYSTEMPATH\CodeIgniter.php(354): CodeIgniter\CodeIgniter->handleRequest(null, Object(Config\Cache), false)
 8 SYSTEMPATH\Boot.php(363): CodeIgniter\CodeIgniter->run()
 9 SYSTEMPATH\Boot.php(68): CodeIgniter\Boot::runCodeIgniter(Object(CodeIgniter\CodeIgniter))
10 FCPATH\index.php(59): CodeIgniter\Boot::bootWeb(Object(Config\Paths))
11 SYSTEMPATH\rewrite.php(44): require_once('C:\\xampp\\htdocs\\coffee-time\\public\\index.php')
CRITICAL - 2025-12-30 05:38:12 --> [Caused by] CodeIgniter\Database\Exceptions\DatabaseException: Table 'db_coffee_time.story_atmospheres' doesn't exist
in SYSTEMPATH\Database\MySQLi\Connection.php on line 332.
 1 SYSTEMPATH\Database\BaseConnection.php(729): CodeIgniter\Database\MySQLi\Connection->execute('SELECT *
FROM `story_atmospheres`
WHERE `is_active` = 1')
 2 SYSTEMPATH\Database\BaseConnection.php(646): CodeIgniter\Database\BaseConnection->simpleQuery('SELECT *
FROM `story_atmospheres`
WHERE `is_active` = 1')
 3 SYSTEMPATH\Database\BaseBuilder.php(1649): CodeIgniter\Database\BaseConnection->query('SELECT *
FROM `story_atmospheres`
WHERE `is_active` = :is_active:', [...], false)
 4 SYSTEMPATH\Model.php(286): CodeIgniter\Database\BaseBuilder->get()
 5 SYSTEMPATH\BaseModel.php(677): CodeIgniter\Model->doFindAll(0, 0)
 6 APPPATH\Controllers\Home.php(30): CodeIgniter\BaseModel->findAll()
 7 SYSTEMPATH\CodeIgniter.php(933): App\Controllers\Home->about()
 8 SYSTEMPATH\CodeIgniter.php(507): CodeIgniter\CodeIgniter->runController(Object(App\Controllers\Home))
 9 SYSTEMPATH\CodeIgniter.php(354): CodeIgniter\CodeIgniter->handleRequest(null, Object(Config\Cache), false)
10 SYSTEMPATH\Boot.php(363): CodeIgniter\CodeIgniter->run()
11 SYSTEMPATH\Boot.php(68): CodeIgniter\Boot::runCodeIgniter(Object(CodeIgniter\CodeIgniter))
12 FCPATH\index.php(59): CodeIgniter\Boot::bootWeb(Object(Config\Paths))
13 SYSTEMPATH\rewrite.php(44): require_once('C:\\xampp\\htdocs\\coffee-time\\public\\index.php')
CRITICAL - 2025-12-30 05:38:12 --> [Caused by] mysqli_sql_exception: Table 'db_coffee_time.story_atmospheres' doesn't exist
in SYSTEMPATH\Database\MySQLi\Connection.php on line 327.
 1 SYSTEMPATH\Database\MySQLi\Connection.php(327): mysqli->query('SELECT *
FROM `story_atmospheres`
WHERE `is_active` = 1', 0)
 2 SYSTEMPATH\Database\BaseConnection.php(729): CodeIgniter\Database\MySQLi\Connection->execute('SELECT *
FROM `story_atmospheres`
WHERE `is_active` = 1')
 3 SYSTEMPATH\Database\BaseConnection.php(646): CodeIgniter\Database\BaseConnection->simpleQuery('SELECT *
FROM `story_atmospheres`
WHERE `is_active` = 1')
 4 SYSTEMPATH\Database\BaseBuilder.php(1649): CodeIgniter\Database\BaseConnection->query('SELECT *
FROM `story_atmospheres`
WHERE `is_active` = :is_active:', [...], false)
 5 SYSTEMPATH\Model.php(286): CodeIgniter\Database\BaseBuilder->get()
 6 SYSTEMPATH\BaseModel.php(677): CodeIgniter\Model->doFindAll(0, 0)
 7 APPPATH\Controllers\Home.php(30): CodeIgniter\BaseModel->findAll()
 8 SYSTEMPATH\CodeIgniter.php(933): App\Controllers\Home->about()
 9 SYSTEMPATH\CodeIgniter.php(507): CodeIgniter\CodeIgniter->runController(Object(App\Controllers\Home))
10 SYSTEMPATH\CodeIgniter.php(354): CodeIgniter\CodeIgniter->handleRequest(null, Object(Config\Cache), false)
11 SYSTEMPATH\Boot.php(363): CodeIgniter\CodeIgniter->run()
12 SYSTEMPATH\Boot.php(68): CodeIgniter\Boot::runCodeIgniter(Object(CodeIgniter\CodeIgniter))
13 FCPATH\index.php(59): CodeIgniter\Boot::bootWeb(Object(Config\Paths))
14 SYSTEMPATH\rewrite.php(44): require_once('C:\\xampp\\htdocs\\coffee-time\\public\\index.php')
DEBUG - 2025-12-30 05:39:46 --> Session: Class initialized using 'CodeIgniter\Session\Handlers\FileHandler' driver.
DEBUG - 2025-12-30 05:55:41 --> Session: Class initialized using 'CodeIgniter\Session\Handlers\FileHandler' driver.
CRITICAL - 2025-12-30 05:55:41 --> ErrorException: Undefined array key "gallery_image"
[Method: GET, Route: about]
in APPPATH\Views\pages\about.php on line 318.
 1 APPPATH\Views\pages\about.php(318): CodeIgniter\Debug\Exceptions->errorHandler(2, 'Undefined array key "gallery_image"', 'C:\\xampp\\htdocs\\coffee-time\\app\\Views\\pages\\about.php', 318)
 2 SYSTEMPATH\View\View.php(226): include('C:\\xampp\\htdocs\\coffee-time\\app\\Views\\pages\\about.php')
 3 SYSTEMPATH\View\View.php(229): CodeIgniter\View\View->CodeIgniter\View\{closure}()
 4 SYSTEMPATH\Common.php(1199): CodeIgniter\View\View->render('pages/about', [], true)
 5 APPPATH\Controllers\Home.php(32): view('pages/about', [...])
 6 SYSTEMPATH\CodeIgniter.php(933): App\Controllers\Home->about()
 7 SYSTEMPATH\CodeIgniter.php(507): CodeIgniter\CodeIgniter->runController(Object(App\Controllers\Home))
 8 SYSTEMPATH\CodeIgniter.php(354): CodeIgniter\CodeIgniter->handleRequest(null, Object(Config\Cache), false)
 9 SYSTEMPATH\Boot.php(363): CodeIgniter\CodeIgniter->run()
10 SYSTEMPATH\Boot.php(68): CodeIgniter\Boot::runCodeIgniter(Object(CodeIgniter\CodeIgniter))
11 FCPATH\index.php(59): CodeIgniter\Boot::bootWeb(Object(Config\Paths))
12 SYSTEMPATH\rewrite.php(44): require_once('C:\\xampp\\htdocs\\coffee-time\\public\\index.php')
DEBUG - 2025-12-30 05:57:42 --> Session: Class initialized using 'CodeIgniter\Session\Handlers\FileHandler' driver.
CRITICAL - 2025-12-30 05:57:42 --> ErrorException: Undefined array key "gallery_image"
[Method: GET, Route: about]
in APPPATH\Views\pages\about.php on line 318.
 1 APPPATH\Views\pages\about.php(318): CodeIgniter\Debug\Exceptions->errorHandler(2, 'Undefined array key "gallery_image"', 'C:\\xampp\\htdocs\\coffee-time\\app\\Views\\pages\\about.php', 318)
 2 SYSTEMPATH\View\View.php(226): include('C:\\xampp\\htdocs\\coffee-time\\app\\Views\\pages\\about.php')
 3 SYSTEMPATH\View\View.php(229): CodeIgniter\View\View->CodeIgniter\View\{closure}()
 4 SYSTEMPATH\Common.php(1199): CodeIgniter\View\View->render('pages/about', [], true)
 5 APPPATH\Controllers\Home.php(32): view('pages/about', [...])
 6 SYSTEMPATH\CodeIgniter.php(933): App\Controllers\Home->about()
 7 SYSTEMPATH\CodeIgniter.php(507): CodeIgniter\CodeIgniter->runController(Object(App\Controllers\Home))
 8 SYSTEMPATH\CodeIgniter.php(354): CodeIgniter\CodeIgniter->handleRequest(null, Object(Config\Cache), false)
 9 SYSTEMPATH\Boot.php(363): CodeIgniter\CodeIgniter->run()
10 SYSTEMPATH\Boot.php(68): CodeIgniter\Boot::runCodeIgniter(Object(CodeIgniter\CodeIgniter))
11 FCPATH\index.php(59): CodeIgniter\Boot::bootWeb(Object(Config\Paths))
12 SYSTEMPATH\rewrite.php(44): require_once('C:\\xampp\\htdocs\\coffee-time\\public\\index.php')
DEBUG - 2025-12-30 05:59:00 --> Session: Class initialized using 'CodeIgniter\Session\Handlers\FileHandler' driver.
CRITICAL - 2025-12-30 05:59:00 --> ErrorException: Undefined array key "gallery_image"
[Method: GET, Route: about]
in APPPATH\Views\pages\about.php on line 318.
 1 APPPATH\Views\pages\about.php(318): CodeIgniter\Debug\Exceptions->errorHandler(2, 'Undefined array key "gallery_image"', 'C:\\xampp\\htdocs\\coffee-time\\app\\Views\\pages\\about.php', 318)
 2 SYSTEMPATH\View\View.php(226): include('C:\\xampp\\htdocs\\coffee-time\\app\\Views\\pages\\about.php')
 3 SYSTEMPATH\View\View.php(229): CodeIgniter\View\View->CodeIgniter\View\{closure}()
 4 SYSTEMPATH\Common.php(1199): CodeIgniter\View\View->render('pages/about', [], true)
 5 APPPATH\Controllers\Home.php(32): view('pages/about', [...])
 6 SYSTEMPATH\CodeIgniter.php(933): App\Controllers\Home->about()
 7 SYSTEMPATH\CodeIgniter.php(507): CodeIgniter\CodeIgniter->runController(Object(App\Controllers\Home))
 8 SYSTEMPATH\CodeIgniter.php(354): CodeIgniter\CodeIgniter->handleRequest(null, Object(Config\Cache), false)
 9 SYSTEMPATH\Boot.php(363): CodeIgniter\CodeIgniter->run()
10 SYSTEMPATH\Boot.php(68): CodeIgniter\Boot::runCodeIgniter(Object(CodeIgniter\CodeIgniter))
11 FCPATH\index.php(59): CodeIgniter\Boot::bootWeb(Object(Config\Paths))
12 SYSTEMPATH\rewrite.php(44): require_once('C:\\xampp\\htdocs\\coffee-time\\public\\index.php')
DEBUG - 2025-12-30 05:59:01 --> Session: Class initialized using 'CodeIgniter\Session\Handlers\FileHandler' driver.
CRITICAL - 2025-12-30 05:59:01 --> ErrorException: Undefined array key "gallery_image"
[Method: GET, Route: about]
in APPPATH\Views\pages\about.php on line 318.
 1 APPPATH\Views\pages\about.php(318): CodeIgniter\Debug\Exceptions->errorHandler(2, 'Undefined array key "gallery_image"', 'C:\\xampp\\htdocs\\coffee-time\\app\\Views\\pages\\about.php', 318)
 2 SYSTEMPATH\View\View.php(226): include('C:\\xampp\\htdocs\\coffee-time\\app\\Views\\pages\\about.php')
 3 SYSTEMPATH\View\View.php(229): CodeIgniter\View\View->CodeIgniter\View\{closure}()
 4 SYSTEMPATH\Common.php(1199): CodeIgniter\View\View->render('pages/about', [], true)
 5 APPPATH\Controllers\Home.php(32): view('pages/about', [...])
 6 SYSTEMPATH\CodeIgniter.php(933): App\Controllers\Home->about()
 7 SYSTEMPATH\CodeIgniter.php(507): CodeIgniter\CodeIgniter->runController(Object(App\Controllers\Home))
 8 SYSTEMPATH\CodeIgniter.php(354): CodeIgniter\CodeIgniter->handleRequest(null, Object(Config\Cache), false)
 9 SYSTEMPATH\Boot.php(363): CodeIgniter\CodeIgniter->run()
10 SYSTEMPATH\Boot.php(68): CodeIgniter\Boot::runCodeIgniter(Object(CodeIgniter\CodeIgniter))
11 FCPATH\index.php(59): CodeIgniter\Boot::bootWeb(Object(Config\Paths))
12 SYSTEMPATH\rewrite.php(44): require_once('C:\\xampp\\htdocs\\coffee-time\\public\\index.php')
DEBUG - 2025-12-30 05:59:02 --> Session: Class initialized using 'CodeIgniter\Session\Handlers\FileHandler' driver.
CRITICAL - 2025-12-30 05:59:02 --> ErrorException: Undefined array key "gallery_image"
[Method: GET, Route: about]
in APPPATH\Views\pages\about.php on line 318.
 1 APPPATH\Views\pages\about.php(318): CodeIgniter\Debug\Exceptions->errorHandler(2, 'Undefined array key "gallery_image"', 'C:\\xampp\\htdocs\\coffee-time\\app\\Views\\pages\\about.php', 318)
 2 SYSTEMPATH\View\View.php(226): include('C:\\xampp\\htdocs\\coffee-time\\app\\Views\\pages\\about.php')
 3 SYSTEMPATH\View\View.php(229): CodeIgniter\View\View->CodeIgniter\View\{closure}()
 4 SYSTEMPATH\Common.php(1199): CodeIgniter\View\View->render('pages/about', [], true)
 5 APPPATH\Controllers\Home.php(32): view('pages/about', [...])
 6 SYSTEMPATH\CodeIgniter.php(933): App\Controllers\Home->about()
 7 SYSTEMPATH\CodeIgniter.php(507): CodeIgniter\CodeIgniter->runController(Object(App\Controllers\Home))
 8 SYSTEMPATH\CodeIgniter.php(354): CodeIgniter\CodeIgniter->handleRequest(null, Object(Config\Cache), false)
 9 SYSTEMPATH\Boot.php(363): CodeIgniter\CodeIgniter->run()
10 SYSTEMPATH\Boot.php(68): CodeIgniter\Boot::runCodeIgniter(Object(CodeIgniter\CodeIgniter))
11 FCPATH\index.php(59): CodeIgniter\Boot::bootWeb(Object(Config\Paths))
12 SYSTEMPATH\rewrite.php(44): require_once('C:\\xampp\\htdocs\\coffee-time\\public\\index.php')
DEBUG - 2025-12-30 06:01:58 --> Session: Class initialized using 'CodeIgniter\Session\Handlers\FileHandler' driver.
DEBUG - 2025-12-30 06:06:30 --> Session: Class initialized using 'CodeIgniter\Session\Handlers\FileHandler' driver.
ERROR - 2025-12-30 06:55:52 --> Error connecting to the database: mysqli_sql_exception: No connection could be made because the target machine actively refused it in C:\xampp\htdocs\coffee-time\system\Database\MySQLi\Connection.php:201
Stack trace:
#0 C:\xampp\htdocs\coffee-time\system\Database\MySQLi\Connection.php(201): mysqli->real_connect('localhost', 'root', Object(SensitiveParameterValue), 'db_coffee_time', 3306, '', 0)
#1 C:\xampp\htdocs\coffee-time\system\Database\BaseConnection.php(419): CodeIgniter\Database\MySQLi\Connection->connect(false)
#2 C:\xampp\htdocs\coffee-time\system\Database\BaseConnection.php(614): CodeIgniter\Database\BaseConnection->initialize()
#3 C:\xampp\htdocs\coffee-time\system\Database\BaseBuilder.php(1649): CodeIgniter\Database\BaseConnection->query('SELECT `sai`.`s...', Array, false)
#4 C:\xampp\htdocs\coffee-time\app\Models\StoryAtmosphereModel.php(32): CodeIgniter\Database\BaseBuilder->get()
#5 C:\xampp\htdocs\coffee-time\app\Controllers\Home.php(29): App\Models\StoryAtmosphereModel->getAtmospheres()
#6 C:\xampp\htdocs\coffee-time\system\CodeIgniter.php(933): App\Controllers\Home->about()
#7 C:\xampp\htdocs\coffee-time\system\CodeIgniter.php(507): CodeIgniter\CodeIgniter->runController(Object(App\Controllers\Home))
#8 C:\xampp\htdocs\coffee-time\system\CodeIgniter.php(354): CodeIgniter\CodeIgniter->handleRequest(NULL, Object(Config\Cache), false)
#9 C:\xampp\htdocs\coffee-time\system\Boot.php(363): CodeIgniter\CodeIgniter->run()
#10 C:\xampp\htdocs\coffee-time\system\Boot.php(68): CodeIgniter\Boot::runCodeIgniter(Object(CodeIgniter\CodeIgniter))
#11 C:\xampp\htdocs\coffee-time\public\index.php(59): CodeIgniter\Boot::bootWeb(Object(Config\Paths))
#12 C:\xampp\htdocs\coffee-time\system\rewrite.php(44): require_once('C:\\xampp\\htdocs...')
#13 {main}

Next CodeIgniter\Database\Exceptions\DatabaseException: No connection could be made because the target machine actively refused it in C:\xampp\htdocs\coffee-time\system\Database\MySQLi\Connection.php:246
Stack trace:
#0 C:\xampp\htdocs\coffee-time\system\Database\BaseConnection.php(419): CodeIgniter\Database\MySQLi\Connection->connect(false)
#1 C:\xampp\htdocs\coffee-time\system\Database\BaseConnection.php(614): CodeIgniter\Database\BaseConnection->initialize()
#2 C:\xampp\htdocs\coffee-time\system\Database\BaseBuilder.php(1649): CodeIgniter\Database\BaseConnection->query('SELECT `sai`.`s...', Array, false)
#3 C:\xampp\htdocs\coffee-time\app\Models\StoryAtmosphereModel.php(32): CodeIgniter\Database\BaseBuilder->get()
#4 C:\xampp\htdocs\coffee-time\app\Controllers\Home.php(29): App\Models\StoryAtmosphereModel->getAtmospheres()
#5 C:\xampp\htdocs\coffee-time\system\CodeIgniter.php(933): App\Controllers\Home->about()
#6 C:\xampp\htdocs\coffee-time\system\CodeIgniter.php(507): CodeIgniter\CodeIgniter->runController(Object(App\Controllers\Home))
#7 C:\xampp\htdocs\coffee-time\system\CodeIgniter.php(354): CodeIgniter\CodeIgniter->handleRequest(NULL, Object(Config\Cache), false)
#8 C:\xampp\htdocs\coffee-time\system\Boot.php(363): CodeIgniter\CodeIgniter->run()
#9 C:\xampp\htdocs\coffee-time\system\Boot.php(68): CodeIgniter\Boot::runCodeIgniter(Object(CodeIgniter\CodeIgniter))
#10 C:\xampp\htdocs\coffee-time\public\index.php(59): CodeIgniter\Boot::bootWeb(Object(Config\Paths))
#11 C:\xampp\htdocs\coffee-time\system\rewrite.php(44): require_once('C:\\xampp\\htdocs...')
#12 {main}
CRITICAL - 2025-12-30 06:55:52 --> CodeIgniter\Database\Exceptions\DatabaseException: Unable to connect to the database.
Main connection [MySQLi]: No connection could be made because the target machine actively refused it
[Method: GET, Route: about]
in SYSTEMPATH\Database\BaseConnection.php on line 465.
 1 SYSTEMPATH\Database\BaseConnection.php(614): CodeIgniter\Database\BaseConnection->initialize()
 2 SYSTEMPATH\Database\BaseBuilder.php(1649): CodeIgniter\Database\BaseConnection->query('SELECT `sai`.`source_type`, `sai`.`source_id`, `g`.`image` AS `gallery_image`, `p`.`image` AS `product_image`
FROM `story_atmosphere_items` `sai`
LEFT JOIN `gallery` `g` ON `g`.`id` = `sai`.`source_id` AND `sai`.`source_type` = "gallery"
LEFT JOIN `products` `p` ON `p`.`id` = `sai`.`source_id` AND `sai`.`source_type` = "product"
WHERE `sai`.`is_active` = :sai.is_active:
ORDER BY `sai`.`sort_order` ASC', [...], false)
 3 APPPATH\Models\StoryAtmosphereModel.php(32): CodeIgniter\Database\BaseBuilder->get()
 4 APPPATH\Controllers\Home.php(29): App\Models\StoryAtmosphereModel->getAtmospheres()
 5 SYSTEMPATH\CodeIgniter.php(933): App\Controllers\Home->about()
 6 SYSTEMPATH\CodeIgniter.php(507): CodeIgniter\CodeIgniter->runController(Object(App\Controllers\Home))
 7 SYSTEMPATH\CodeIgniter.php(354): CodeIgniter\CodeIgniter->handleRequest(null, Object(Config\Cache), false)
 8 SYSTEMPATH\Boot.php(363): CodeIgniter\CodeIgniter->run()
 9 SYSTEMPATH\Boot.php(68): CodeIgniter\Boot::runCodeIgniter(Object(CodeIgniter\CodeIgniter))
10 FCPATH\index.php(59): CodeIgniter\Boot::bootWeb(Object(Config\Paths))
11 SYSTEMPATH\rewrite.php(44): require_once('C:\\xampp\\htdocs\\coffee-time\\public\\index.php')
DEBUG - 2025-12-30 06:56:15 --> Session: Class initialized using 'CodeIgniter\Session\Handlers\FileHandler' driver.
DEBUG - 2025-12-30 07:25:55 --> Session: Class initialized using 'CodeIgniter\Session\Handlers\FileHandler' driver.
DEBUG - 2025-12-30 07:26:08 --> Session: Class initialized using 'CodeIgniter\Session\Handlers\FileHandler' driver.
CRITICAL - 2025-12-30 07:26:08 --> CodeIgniter\View\Exceptions\ViewException: Invalid file: "pages/blog_detail.php"
[Method: GET, Route: blog/arabica-vs-robusta-apa-bedanya]
in SYSTEMPATH\Exceptions\FrameworkException.php on line 39.
 1 SYSTEMPATH\View\View.php(214): CodeIgniter\Exceptions\FrameworkException::forInvalidFile('pages/blog_detail.php')
 2 SYSTEMPATH\Common.php(1199): CodeIgniter\View\View->render('pages/blog_detail', [], true)
 3 APPPATH\Controllers\Blog.php(36): view('pages/blog_detail', [...])
 4 SYSTEMPATH\CodeIgniter.php(933): App\Controllers\Blog->detail('arabica-vs-robusta-apa-bedanya')
 5 SYSTEMPATH\CodeIgniter.php(507): CodeIgniter\CodeIgniter->runController(Object(App\Controllers\Blog))
 6 SYSTEMPATH\CodeIgniter.php(354): CodeIgniter\CodeIgniter->handleRequest(null, Object(Config\Cache), false)
 7 SYSTEMPATH\Boot.php(363): CodeIgniter\CodeIgniter->run()
 8 SYSTEMPATH\Boot.php(68): CodeIgniter\Boot::runCodeIgniter(Object(CodeIgniter\CodeIgniter))
 9 FCPATH\index.php(59): CodeIgniter\Boot::bootWeb(Object(Config\Paths))
10 SYSTEMPATH\rewrite.php(44): require_once('C:\\xampp\\htdocs\\coffee-time\\public\\index.php')
DEBUG - 2025-12-30 07:26:13 --> Session: Class initialized using 'CodeIgniter\Session\Handlers\FileHandler' driver.
DEBUG - 2025-12-30 07:30:09 --> Session: Class initialized using 'CodeIgniter\Session\Handlers\FileHandler' driver.
DEBUG - 2025-12-30 07:31:35 --> Session: Class initialized using 'CodeIgniter\Session\Handlers\FileHandler' driver.
DEBUG - 2025-12-30 07:33:10 --> Session: Class initialized using 'CodeIgniter\Session\Handlers\FileHandler' driver.
CRITICAL - 2025-12-30 07:33:10 --> CodeIgniter\View\Exceptions\ViewException: Invalid file: "pages/blog_detail.php"
[Method: GET, Route: blog/cold-brew-vs-iced-coffee]
in SYSTEMPATH\Exceptions\FrameworkException.php on line 39.
 1 SYSTEMPATH\View\View.php(214): CodeIgniter\Exceptions\FrameworkException::forInvalidFile('pages/blog_detail.php')
 2 SYSTEMPATH\Common.php(1199): CodeIgniter\View\View->render('pages/blog_detail', [], true)
 3 APPPATH\Controllers\Blog.php(36): view('pages/blog_detail', [...])
 4 SYSTEMPATH\CodeIgniter.php(933): App\Controllers\Blog->detail('cold-brew-vs-iced-coffee')
 5 SYSTEMPATH\CodeIgniter.php(507): CodeIgniter\CodeIgniter->runController(Object(App\Controllers\Blog))
 6 SYSTEMPATH\CodeIgniter.php(354): CodeIgniter\CodeIgniter->handleRequest(null, Object(Config\Cache), false)
 7 SYSTEMPATH\Boot.php(363): CodeIgniter\CodeIgniter->run()
 8 SYSTEMPATH\Boot.php(68): CodeIgniter\Boot::runCodeIgniter(Object(CodeIgniter\CodeIgniter))
 9 FCPATH\index.php(59): CodeIgniter\Boot::bootWeb(Object(Config\Paths))
10 SYSTEMPATH\rewrite.php(44): require_once('C:\\xampp\\htdocs\\coffee-time\\public\\index.php')
DEBUG - 2025-12-30 07:33:18 --> Session: Class initialized using 'CodeIgniter\Session\Handlers\FileHandler' driver.
DEBUG - 2025-12-30 07:33:21 --> Session: Class initialized using 'CodeIgniter\Session\Handlers\FileHandler' driver.
DEBUG - 2025-12-30 07:33:23 --> Session: Class initialized using 'CodeIgniter\Session\Handlers\FileHandler' driver.
DEBUG - 2025-12-30 07:33:25 --> Session: Class initialized using 'CodeIgniter\Session\Handlers\FileHandler' driver.
DEBUG - 2025-12-30 07:33:26 --> Session: Class initialized using 'CodeIgniter\Session\Handlers\FileHandler' driver.
DEBUG - 2025-12-30 07:33:30 --> Session: Class initialized using 'CodeIgniter\Session\Handlers\FileHandler' driver.
DEBUG - 2025-12-30 07:33:33 --> Session: Class initialized using 'CodeIgniter\Session\Handlers\FileHandler' driver.
DEBUG - 2025-12-30 07:33:40 --> Session: Class initialized using 'CodeIgniter\Session\Handlers\FileHandler' driver.
DEBUG - 2025-12-30 07:33:43 --> Session: Class initialized using 'CodeIgniter\Session\Handlers\FileHandler' driver.
DEBUG - 2025-12-30 07:33:46 --> Session: Class initialized using 'CodeIgniter\Session\Handlers\FileHandler' driver.
DEBUG - 2025-12-30 07:37:57 --> Session: Class initialized using 'CodeIgniter\Session\Handlers\FileHandler' driver.
CRITICAL - 2025-12-30 07:37:57 --> ErrorException: Undefined array key "category"
[Method: GET, Route: blog]
in APPPATH\Views\pages\blog.php on line 369.
 1 APPPATH\Views\pages\blog.php(369): CodeIgniter\Debug\Exceptions->errorHandler(2, 'Undefined array key "category"', 'C:\\xampp\\htdocs\\coffee-time\\app\\Views\\pages\\blog.php', 369)
 2 SYSTEMPATH\View\View.php(226): include('C:\\xampp\\htdocs\\coffee-time\\app\\Views\\pages\\blog.php')
 3 SYSTEMPATH\View\View.php(229): CodeIgniter\View\View->CodeIgniter\View\{closure}()
 4 SYSTEMPATH\Common.php(1199): CodeIgniter\View\View->render('pages/blog', [], true)
 5 APPPATH\Controllers\Blog.php(17): view('pages/blog', [...])
 6 SYSTEMPATH\CodeIgniter.php(933): App\Controllers\Blog->index()
 7 SYSTEMPATH\CodeIgniter.php(507): CodeIgniter\CodeIgniter->runController(Object(App\Controllers\Blog))
 8 SYSTEMPATH\CodeIgniter.php(354): CodeIgniter\CodeIgniter->handleRequest(null, Object(Config\Cache), false)
 9 SYSTEMPATH\Boot.php(363): CodeIgniter\CodeIgniter->run()
10 SYSTEMPATH\Boot.php(68): CodeIgniter\Boot::runCodeIgniter(Object(CodeIgniter\CodeIgniter))
11 FCPATH\index.php(59): CodeIgniter\Boot::bootWeb(Object(Config\Paths))
12 SYSTEMPATH\rewrite.php(44): require_once('C:\\xampp\\htdocs\\coffee-time\\public\\index.php')
DEBUG - 2025-12-30 07:37:59 --> Session: Class initialized using 'CodeIgniter\Session\Handlers\FileHandler' driver.
CRITICAL - 2025-12-30 07:37:59 --> ErrorException: Undefined array key "category"
[Method: GET, Route: blog]
in APPPATH\Views\pages\blog.php on line 369.
 1 APPPATH\Views\pages\blog.php(369): CodeIgniter\Debug\Exceptions->errorHandler(2, 'Undefined array key "category"', 'C:\\xampp\\htdocs\\coffee-time\\app\\Views\\pages\\blog.php', 369)
 2 SYSTEMPATH\View\View.php(226): include('C:\\xampp\\htdocs\\coffee-time\\app\\Views\\pages\\blog.php')
 3 SYSTEMPATH\View\View.php(229): CodeIgniter\View\View->CodeIgniter\View\{closure}()
 4 SYSTEMPATH\Common.php(1199): CodeIgniter\View\View->render('pages/blog', [], true)
 5 APPPATH\Controllers\Blog.php(17): view('pages/blog', [...])
 6 SYSTEMPATH\CodeIgniter.php(933): App\Controllers\Blog->index()
 7 SYSTEMPATH\CodeIgniter.php(507): CodeIgniter\CodeIgniter->runController(Object(App\Controllers\Blog))
 8 SYSTEMPATH\CodeIgniter.php(354): CodeIgniter\CodeIgniter->handleRequest(null, Object(Config\Cache), false)
 9 SYSTEMPATH\Boot.php(363): CodeIgniter\CodeIgniter->run()
10 SYSTEMPATH\Boot.php(68): CodeIgniter\Boot::runCodeIgniter(Object(CodeIgniter\CodeIgniter))
11 FCPATH\index.php(59): CodeIgniter\Boot::bootWeb(Object(Config\Paths))
12 SYSTEMPATH\rewrite.php(44): require_once('C:\\xampp\\htdocs\\coffee-time\\public\\index.php')
DEBUG - 2025-12-30 07:38:07 --> Session: Class initialized using 'CodeIgniter\Session\Handlers\FileHandler' driver.
CRITICAL - 2025-12-30 07:38:07 --> ErrorException: Undefined array key "category"
[Method: GET, Route: blog]
in APPPATH\Views\pages\blog.php on line 369.
 1 APPPATH\Views\pages\blog.php(369): CodeIgniter\Debug\Exceptions->errorHandler(2, 'Undefined array key "category"', 'C:\\xampp\\htdocs\\coffee-time\\app\\Views\\pages\\blog.php', 369)
 2 SYSTEMPATH\View\View.php(226): include('C:\\xampp\\htdocs\\coffee-time\\app\\Views\\pages\\blog.php')
 3 SYSTEMPATH\View\View.php(229): CodeIgniter\View\View->CodeIgniter\View\{closure}()
 4 SYSTEMPATH\Common.php(1199): CodeIgniter\View\View->render('pages/blog', [], true)
 5 APPPATH\Controllers\Blog.php(17): view('pages/blog', [...])
 6 SYSTEMPATH\CodeIgniter.php(933): App\Controllers\Blog->index()
 7 SYSTEMPATH\CodeIgniter.php(507): CodeIgniter\CodeIgniter->runController(Object(App\Controllers\Blog))
 8 SYSTEMPATH\CodeIgniter.php(354): CodeIgniter\CodeIgniter->handleRequest(null, Object(Config\Cache), false)
 9 SYSTEMPATH\Boot.php(363): CodeIgniter\CodeIgniter->run()
10 SYSTEMPATH\Boot.php(68): CodeIgniter\Boot::runCodeIgniter(Object(CodeIgniter\CodeIgniter))
11 FCPATH\index.php(59): CodeIgniter\Boot::bootWeb(Object(Config\Paths))
12 SYSTEMPATH\rewrite.php(44): require_once('C:\\xampp\\htdocs\\coffee-time\\public\\index.php')
ERROR - 2025-12-30 11:18:12 --> Error connecting to the database: mysqli_sql_exception: No connection could be made because the target machine actively refused it in C:\xampp\htdocs\coffee-time\system\Database\MySQLi\Connection.php:201
Stack trace:
#0 C:\xampp\htdocs\coffee-time\system\Database\MySQLi\Connection.php(201): mysqli->real_connect('localhost', 'root', Object(SensitiveParameterValue), 'db_coffee_time', 3306, '', 0)
#1 C:\xampp\htdocs\coffee-time\system\Database\BaseConnection.php(419): CodeIgniter\Database\MySQLi\Connection->connect(false)
#2 C:\xampp\htdocs\coffee-time\system\Database\BaseConnection.php(614): CodeIgniter\Database\BaseConnection->initialize()
#3 C:\xampp\htdocs\coffee-time\system\Database\BaseBuilder.php(1649): CodeIgniter\Database\BaseConnection->query('SELECT *\nFROM `...', Array, false)
#4 C:\xampp\htdocs\coffee-time\system\Model.php(330): CodeIgniter\Database\BaseBuilder->get()
#5 C:\xampp\htdocs\coffee-time\system\BaseModel.php(715): CodeIgniter\Model->doFirst()
#6 C:\xampp\htdocs\coffee-time\app\Models\BlogModel.php(38): CodeIgniter\BaseModel->first()
#7 C:\xampp\htdocs\coffee-time\app\Controllers\Blog.php(18): App\Models\BlogModel->getFeatured()
#8 C:\xampp\htdocs\coffee-time\system\CodeIgniter.php(933): App\Controllers\Blog->index()
#9 C:\xampp\htdocs\coffee-time\system\CodeIgniter.php(507): CodeIgniter\CodeIgniter->runController(Object(App\Controllers\Blog))
#10 C:\xampp\htdocs\coffee-time\system\CodeIgniter.php(354): CodeIgniter\CodeIgniter->handleRequest(NULL, Object(Config\Cache), false)
#11 C:\xampp\htdocs\coffee-time\system\Boot.php(363): CodeIgniter\CodeIgniter->run()
#12 C:\xampp\htdocs\coffee-time\system\Boot.php(68): CodeIgniter\Boot::runCodeIgniter(Object(CodeIgniter\CodeIgniter))
#13 C:\xampp\htdocs\coffee-time\public\index.php(59): CodeIgniter\Boot::bootWeb(Object(Config\Paths))
#14 C:\xampp\htdocs\coffee-time\system\rewrite.php(44): require_once('C:\\xampp\\htdocs...')
#15 {main}

Next CodeIgniter\Database\Exceptions\DatabaseException: No connection could be made because the target machine actively refused it in C:\xampp\htdocs\coffee-time\system\Database\MySQLi\Connection.php:246
Stack trace:
#0 C:\xampp\htdocs\coffee-time\system\Database\BaseConnection.php(419): CodeIgniter\Database\MySQLi\Connection->connect(false)
#1 C:\xampp\htdocs\coffee-time\system\Database\BaseConnection.php(614): CodeIgniter\Database\BaseConnection->initialize()
#2 C:\xampp\htdocs\coffee-time\system\Database\BaseBuilder.php(1649): CodeIgniter\Database\BaseConnection->query('SELECT *\nFROM `...', Array, false)
#3 C:\xampp\htdocs\coffee-time\system\Model.php(330): CodeIgniter\Database\BaseBuilder->get()
#4 C:\xampp\htdocs\coffee-time\system\BaseModel.php(715): CodeIgniter\Model->doFirst()
#5 C:\xampp\htdocs\coffee-time\app\Models\BlogModel.php(38): CodeIgniter\BaseModel->first()
#6 C:\xampp\htdocs\coffee-time\app\Controllers\Blog.php(18): App\Models\BlogModel->getFeatured()
#7 C:\xampp\htdocs\coffee-time\system\CodeIgniter.php(933): App\Controllers\Blog->index()
#8 C:\xampp\htdocs\coffee-time\system\CodeIgniter.php(507): CodeIgniter\CodeIgniter->runController(Object(App\Controllers\Blog))
#9 C:\xampp\htdocs\coffee-time\system\CodeIgniter.php(354): CodeIgniter\CodeIgniter->handleRequest(NULL, Object(Config\Cache), false)
#10 C:\xampp\htdocs\coffee-time\system\Boot.php(363): CodeIgniter\CodeIgniter->run()
#11 C:\xampp\htdocs\coffee-time\system\Boot.php(68): CodeIgniter\Boot::runCodeIgniter(Object(CodeIgniter\CodeIgniter))
#12 C:\xampp\htdocs\coffee-time\public\index.php(59): CodeIgniter\Boot::bootWeb(Object(Config\Paths))
#13 C:\xampp\htdocs\coffee-time\system\rewrite.php(44): require_once('C:\\xampp\\htdocs...')
#14 {main}
CRITICAL - 2025-12-30 11:18:12 --> CodeIgniter\Database\Exceptions\DatabaseException: Unable to connect to the database.
Main connection [MySQLi]: No connection could be made because the target machine actively refused it
[Method: GET, Route: blog]
in SYSTEMPATH\Database\BaseConnection.php on line 465.
 1 SYSTEMPATH\Database\BaseConnection.php(614): CodeIgniter\Database\BaseConnection->initialize()
 2 SYSTEMPATH\Database\BaseBuilder.php(1649): CodeIgniter\Database\BaseConnection->query('SELECT *
FROM `blogs`
WHERE `status` = :status:
AND `is_featured` = :is_featured:
ORDER BY `created_at` DESC
 LIMIT 1', [...], false)
 3 SYSTEMPATH\Model.php(330): CodeIgniter\Database\BaseBuilder->get()
 4 SYSTEMPATH\BaseModel.php(715): CodeIgniter\Model->doFirst()
 5 APPPATH\Models\BlogModel.php(38): CodeIgniter\BaseModel->first()
 6 APPPATH\Controllers\Blog.php(18): App\Models\BlogModel->getFeatured()
 7 SYSTEMPATH\CodeIgniter.php(933): App\Controllers\Blog->index()
 8 SYSTEMPATH\CodeIgniter.php(507): CodeIgniter\CodeIgniter->runController(Object(App\Controllers\Blog))
 9 SYSTEMPATH\CodeIgniter.php(354): CodeIgniter\CodeIgniter->handleRequest(null, Object(Config\Cache), false)
10 SYSTEMPATH\Boot.php(363): CodeIgniter\CodeIgniter->run()
11 SYSTEMPATH\Boot.php(68): CodeIgniter\Boot::runCodeIgniter(Object(CodeIgniter\CodeIgniter))
12 FCPATH\index.php(59): CodeIgniter\Boot::bootWeb(Object(Config\Paths))
13 SYSTEMPATH\rewrite.php(44): require_once('C:\\xampp\\htdocs\\coffee-time\\public\\index.php')
DEBUG - 2025-12-30 11:20:46 --> Session: Class initialized using 'CodeIgniter\Session\Handlers\FileHandler' driver.
DEBUG - 2025-12-30 11:20:52 --> Session: Class initialized using 'CodeIgniter\Session\Handlers\FileHandler' driver.
CRITICAL - 2025-12-30 11:20:52 --> ErrorException: Undefined array key "category"
[Method: GET, Route: blog]
in APPPATH\Views\pages\blog.php on line 369.
 1 APPPATH\Views\pages\blog.php(369): CodeIgniter\Debug\Exceptions->errorHandler(2, 'Undefined array key "category"', 'C:\\xampp\\htdocs\\coffee-time\\app\\Views\\pages\\blog.php', 369)
 2 SYSTEMPATH\View\View.php(226): include('C:\\xampp\\htdocs\\coffee-time\\app\\Views\\pages\\blog.php')
 3 SYSTEMPATH\View\View.php(229): CodeIgniter\View\View->CodeIgniter\View\{closure}()
 4 SYSTEMPATH\Common.php(1199): CodeIgniter\View\View->render('pages/blog', [], true)
 5 APPPATH\Controllers\Blog.php(17): view('pages/blog', [...])
 6 SYSTEMPATH\CodeIgniter.php(933): App\Controllers\Blog->index()
 7 SYSTEMPATH\CodeIgniter.php(507): CodeIgniter\CodeIgniter->runController(Object(App\Controllers\Blog))
 8 SYSTEMPATH\CodeIgniter.php(354): CodeIgniter\CodeIgniter->handleRequest(null, Object(Config\Cache), false)
 9 SYSTEMPATH\Boot.php(363): CodeIgniter\CodeIgniter->run()
10 SYSTEMPATH\Boot.php(68): CodeIgniter\Boot::runCodeIgniter(Object(CodeIgniter\CodeIgniter))
11 FCPATH\index.php(59): CodeIgniter\Boot::bootWeb(Object(Config\Paths))
12 SYSTEMPATH\rewrite.php(44): require_once('C:\\xampp\\htdocs\\coffee-time\\public\\index.php')
DEBUG - 2025-12-30 11:20:58 --> Session: Class initialized using 'CodeIgniter\Session\Handlers\FileHandler' driver.
CRITICAL - 2025-12-30 11:20:58 --> ErrorException: Undefined array key "category"
[Method: GET, Route: blog]
in APPPATH\Views\pages\blog.php on line 369.
 1 APPPATH\Views\pages\blog.php(369): CodeIgniter\Debug\Exceptions->errorHandler(2, 'Undefined array key "category"', 'C:\\xampp\\htdocs\\coffee-time\\app\\Views\\pages\\blog.php', 369)
 2 SYSTEMPATH\View\View.php(226): include('C:\\xampp\\htdocs\\coffee-time\\app\\Views\\pages\\blog.php')
 3 SYSTEMPATH\View\View.php(229): CodeIgniter\View\View->CodeIgniter\View\{closure}()
 4 SYSTEMPATH\Common.php(1199): CodeIgniter\View\View->render('pages/blog', [], true)
 5 APPPATH\Controllers\Blog.php(17): view('pages/blog', [...])
 6 SYSTEMPATH\CodeIgniter.php(933): App\Controllers\Blog->index()
 7 SYSTEMPATH\CodeIgniter.php(507): CodeIgniter\CodeIgniter->runController(Object(App\Controllers\Blog))
 8 SYSTEMPATH\CodeIgniter.php(354): CodeIgniter\CodeIgniter->handleRequest(null, Object(Config\Cache), false)
 9 SYSTEMPATH\Boot.php(363): CodeIgniter\CodeIgniter->run()
10 SYSTEMPATH\Boot.php(68): CodeIgniter\Boot::runCodeIgniter(Object(CodeIgniter\CodeIgniter))
11 FCPATH\index.php(59): CodeIgniter\Boot::bootWeb(Object(Config\Paths))
12 SYSTEMPATH\rewrite.php(44): require_once('C:\\xampp\\htdocs\\coffee-time\\public\\index.php')
DEBUG - 2025-12-30 11:25:08 --> Session: Class initialized using 'CodeIgniter\Session\Handlers\FileHandler' driver.
DEBUG - 2025-12-30 11:25:12 --> Session: Class initialized using 'CodeIgniter\Session\Handlers\FileHandler' driver.
DEBUG - 2025-12-30 11:25:15 --> Session: Class initialized using 'CodeIgniter\Session\Handlers\FileHandler' driver.
DEBUG - 2025-12-30 11:25:17 --> Session: Class initialized using 'CodeIgniter\Session\Handlers\FileHandler' driver.
DEBUG - 2025-12-30 11:25:24 --> Session: Class initialized using 'CodeIgniter\Session\Handlers\FileHandler' driver.
DEBUG - 2025-12-30 11:25:26 --> Session: Class initialized using 'CodeIgniter\Session\Handlers\FileHandler' driver.
DEBUG - 2025-12-30 11:25:32 --> Session: Class initialized using 'CodeIgniter\Session\Handlers\FileHandler' driver.
DEBUG - 2025-12-30 11:31:49 --> Session: Class initialized using 'CodeIgniter\Session\Handlers\FileHandler' driver.
DEBUG - 2025-12-30 11:32:01 --> Session: Class initialized using 'CodeIgniter\Session\Handlers\FileHandler' driver.
DEBUG - 2025-12-30 11:32:03 --> Session: Class initialized using 'CodeIgniter\Session\Handlers\FileHandler' driver.
DEBUG - 2025-12-30 11:32:04 --> Session: Class initialized using 'CodeIgniter\Session\Handlers\FileHandler' driver.
DEBUG - 2025-12-30 11:32:05 --> Session: Class initialized using 'CodeIgniter\Session\Handlers\FileHandler' driver.
DEBUG - 2025-12-30 11:32:07 --> Session: Class initialized using 'CodeIgniter\Session\Handlers\FileHandler' driver.
DEBUG - 2025-12-30 11:32:09 --> Session: Class initialized using 'CodeIgniter\Session\Handlers\FileHandler' driver.
DEBUG - 2025-12-30 11:32:59 --> Session: Class initialized using 'CodeIgniter\Session\Handlers\FileHandler' driver.
DEBUG - 2025-12-30 11:33:00 --> Session: Class initialized using 'CodeIgniter\Session\Handlers\FileHandler' driver.
DEBUG - 2025-12-30 11:33:01 --> Session: Class initialized using 'CodeIgniter\Session\Handlers\FileHandler' driver.
DEBUG - 2025-12-30 11:33:02 --> Session: Class initialized using 'CodeIgniter\Session\Handlers\FileHandler' driver.
DEBUG - 2025-12-30 11:34:44 --> Session: Class initialized using 'CodeIgniter\Session\Handlers\FileHandler' driver.
DEBUG - 2025-12-30 11:34:46 --> Session: Class initialized using 'CodeIgniter\Session\Handlers\FileHandler' driver.
DEBUG - 2025-12-30 11:34:48 --> Session: Class initialized using 'CodeIgniter\Session\Handlers\FileHandler' driver.
DEBUG - 2025-12-30 11:34:50 --> Session: Class initialized using 'CodeIgniter\Session\Handlers\FileHandler' driver.
DEBUG - 2025-12-30 11:34:51 --> Session: Class initialized using 'CodeIgniter\Session\Handlers\FileHandler' driver.
DEBUG - 2025-12-30 11:36:45 --> Session: Class initialized using 'CodeIgniter\Session\Handlers\FileHandler' driver.
DEBUG - 2025-12-30 11:36:46 --> Session: Class initialized using 'CodeIgniter\Session\Handlers\FileHandler' driver.
DEBUG - 2025-12-30 11:36:48 --> Session: Class initialized using 'CodeIgniter\Session\Handlers\FileHandler' driver.
DEBUG - 2025-12-30 11:36:49 --> Session: Class initialized using 'CodeIgniter\Session\Handlers\FileHandler' driver.
DEBUG - 2025-12-30 11:36:50 --> Session: Class initialized using 'CodeIgniter\Session\Handlers\FileHandler' driver.
DEBUG - 2025-12-30 11:38:59 --> Session: Class initialized using 'CodeIgniter\Session\Handlers\FileHandler' driver.
DEBUG - 2025-12-30 11:39:01 --> Session: Class initialized using 'CodeIgniter\Session\Handlers\FileHandler' driver.
DEBUG - 2025-12-30 11:39:02 --> Session: Class initialized using 'CodeIgniter\Session\Handlers\FileHandler' driver.
DEBUG - 2025-12-30 11:39:04 --> Session: Class initialized using 'CodeIgniter\Session\Handlers\FileHandler' driver.
DEBUG - 2025-12-30 11:39:05 --> Session: Class initialized using 'CodeIgniter\Session\Handlers\FileHandler' driver.
DEBUG - 2025-12-30 11:39:06 --> Session: Class initialized using 'CodeIgniter\Session\Handlers\FileHandler' driver.
DEBUG - 2025-12-30 11:39:07 --> Session: Class initialized using 'CodeIgniter\Session\Handlers\FileHandler' driver.
DEBUG - 2025-12-30 11:41:17 --> Session: Class initialized using 'CodeIgniter\Session\Handlers\FileHandler' driver.
DEBUG - 2025-12-30 11:41:19 --> Session: Class initialized using 'CodeIgniter\Session\Handlers\FileHandler' driver.
DEBUG - 2025-12-30 11:41:20 --> Session: Class initialized using 'CodeIgniter\Session\Handlers\FileHandler' driver.
DEBUG - 2025-12-30 11:41:22 --> Session: Class initialized using 'CodeIgniter\Session\Handlers\FileHandler' driver.
DEBUG - 2025-12-30 11:41:23 --> Session: Class initialized using 'CodeIgniter\Session\Handlers\FileHandler' driver.
DEBUG - 2025-12-30 11:41:31 --> Session: Class initialized using 'CodeIgniter\Session\Handlers\FileHandler' driver.
DEBUG - 2025-12-30 11:43:50 --> Session: Class initialized using 'CodeIgniter\Session\Handlers\FileHandler' driver.
DEBUG - 2025-12-30 11:43:52 --> Session: Class initialized using 'CodeIgniter\Session\Handlers\FileHandler' driver.
DEBUG - 2025-12-30 11:43:53 --> Session: Class initialized using 'CodeIgniter\Session\Handlers\FileHandler' driver.
DEBUG - 2025-12-30 11:43:55 --> Session: Class initialized using 'CodeIgniter\Session\Handlers\FileHandler' driver.
DEBUG - 2025-12-30 11:43:56 --> Session: Class initialized using 'CodeIgniter\Session\Handlers\FileHandler' driver.
DEBUG - 2025-12-30 11:43:58 --> Session: Class initialized using 'CodeIgniter\Session\Handlers\FileHandler' driver.
DEBUG - 2025-12-30 11:45:45 --> Session: Class initialized using 'CodeIgniter\Session\Handlers\FileHandler' driver.
DEBUG - 2025-12-30 11:45:47 --> Session: Class initialized using 'CodeIgniter\Session\Handlers\FileHandler' driver.
DEBUG - 2025-12-30 11:45:48 --> Session: Class initialized using 'CodeIgniter\Session\Handlers\FileHandler' driver.
DEBUG - 2025-12-30 11:45:50 --> Session: Class initialized using 'CodeIgniter\Session\Handlers\FileHandler' driver.
DEBUG - 2025-12-30 11:45:52 --> Session: Class initialized using 'CodeIgniter\Session\Handlers\FileHandler' driver.
DEBUG - 2025-12-30 11:46:00 --> Session: Class initialized using 'CodeIgniter\Session\Handlers\FileHandler' driver.
DEBUG - 2025-12-30 11:53:59 --> Session: Class initialized using 'CodeIgniter\Session\Handlers\FileHandler' driver.
DEBUG - 2025-12-30 11:54:18 --> Session: Class initialized using 'CodeIgniter\Session\Handlers\FileHandler' driver.
DEBUG - 2025-12-30 12:01:39 --> Session: Class initialized using 'CodeIgniter\Session\Handlers\FileHandler' driver.
DEBUG - 2025-12-30 12:05:07 --> Session: Class initialized using 'CodeIgniter\Session\Handlers\FileHandler' driver.
DEBUG - 2025-12-30 12:05:43 --> Session: Class initialized using 'CodeIgniter\Session\Handlers\FileHandler' driver.
DEBUG - 2025-12-30 12:06:00 --> Session: Class initialized using 'CodeIgniter\Session\Handlers\FileHandler' driver.
DEBUG - 2025-12-30 12:08:05 --> Session: Class initialized using 'CodeIgniter\Session\Handlers\FileHandler' driver.
DEBUG - 2025-12-30 12:08:14 --> Session: Class initialized using 'CodeIgniter\Session\Handlers\FileHandler' driver.
DEBUG - 2025-12-30 12:08:44 --> Session: Class initialized using 'CodeIgniter\Session\Handlers\FileHandler' driver.
DEBUG - 2025-12-30 12:18:44 --> Session: Class initialized using 'CodeIgniter\Session\Handlers\FileHandler' driver.
DEBUG - 2025-12-30 12:20:03 --> Session: Class initialized using 'CodeIgniter\Session\Handlers\FileHandler' driver.
DEBUG - 2025-12-30 12:24:10 --> Session: Class initialized using 'CodeIgniter\Session\Handlers\FileHandler' driver.
CRITICAL - 2025-12-30 12:24:11 --> ErrorException: Undefined variable $blog
[Method: GET, Route: blog]
in APPPATH\Views\pages\blog.php on line 276.
 1 APPPATH\Views\pages\blog.php(276): CodeIgniter\Debug\Exceptions->errorHandler(2, 'Undefined variable $blog', 'C:\\xampp\\htdocs\\coffee-time\\app\\Views\\pages\\blog.php', 276)
 2 SYSTEMPATH\View\View.php(226): include('C:\\xampp\\htdocs\\coffee-time\\app\\Views\\pages\\blog.php')
 3 SYSTEMPATH\View\View.php(229): CodeIgniter\View\View->CodeIgniter\View\{closure}()
 4 SYSTEMPATH\Common.php(1199): CodeIgniter\View\View->render('pages/blog', [], true)
 5 APPPATH\Controllers\Blog.php(17): view('pages/blog', [...])
 6 SYSTEMPATH\CodeIgniter.php(933): App\Controllers\Blog->index()
 7 SYSTEMPATH\CodeIgniter.php(507): CodeIgniter\CodeIgniter->runController(Object(App\Controllers\Blog))
 8 SYSTEMPATH\CodeIgniter.php(354): CodeIgniter\CodeIgniter->handleRequest(null, Object(Config\Cache), false)
 9 SYSTEMPATH\Boot.php(363): CodeIgniter\CodeIgniter->run()
10 SYSTEMPATH\Boot.php(68): CodeIgniter\Boot::runCodeIgniter(Object(CodeIgniter\CodeIgniter))
11 FCPATH\index.php(59): CodeIgniter\Boot::bootWeb(Object(Config\Paths))
12 SYSTEMPATH\rewrite.php(44): require_once('C:\\xampp\\htdocs\\coffee-time\\public\\index.php')
DEBUG - 2025-12-30 12:24:31 --> Session: Class initialized using 'CodeIgniter\Session\Handlers\FileHandler' driver.
DEBUG - 2025-12-30 12:25:09 --> Session: Class initialized using 'CodeIgniter\Session\Handlers\FileHandler' driver.
CRITICAL - 2025-12-30 12:25:09 --> ErrorException: Undefined array key "category"
[Method: GET, Route: blog/psikologi-coffee-shop-effect]
in APPPATH\Views\pages\blog_detail.php on line 12.
 1 APPPATH\Views\pages\blog_detail.php(12): CodeIgniter\Debug\Exceptions->errorHandler(2, 'Undefined array key "category"', 'C:\\xampp\\htdocs\\coffee-time\\app\\Views\\pages\\blog_detail.php', 12)
 2 SYSTEMPATH\View\View.php(226): include('C:\\xampp\\htdocs\\coffee-time\\app\\Views\\pages\\blog_detail.php')
 3 SYSTEMPATH\View\View.php(229): CodeIgniter\View\View->CodeIgniter\View\{closure}()
 4 SYSTEMPATH\Common.php(1199): CodeIgniter\View\View->render('pages/blog_detail', [], true)
 5 APPPATH\Controllers\Blog.php(36): view('pages/blog_detail', [...])
 6 SYSTEMPATH\CodeIgniter.php(933): App\Controllers\Blog->detail('psikologi-coffee-shop-effect')
 7 SYSTEMPATH\CodeIgniter.php(507): CodeIgniter\CodeIgniter->runController(Object(App\Controllers\Blog))
 8 SYSTEMPATH\CodeIgniter.php(354): CodeIgniter\CodeIgniter->handleRequest(null, Object(Config\Cache), false)
 9 SYSTEMPATH\Boot.php(363): CodeIgniter\CodeIgniter->run()
10 SYSTEMPATH\Boot.php(68): CodeIgniter\Boot::runCodeIgniter(Object(CodeIgniter\CodeIgniter))
11 FCPATH\index.php(59): CodeIgniter\Boot::bootWeb(Object(Config\Paths))
12 SYSTEMPATH\rewrite.php(44): require_once('C:\\xampp\\htdocs\\coffee-time\\public\\index.php')
DEBUG - 2025-12-30 12:26:48 --> Session: Class initialized using 'CodeIgniter\Session\Handlers\FileHandler' driver.
DEBUG - 2025-12-30 12:27:09 --> Session: Class initialized using 'CodeIgniter\Session\Handlers\FileHandler' driver.
DEBUG - 2025-12-30 12:27:14 --> Session: Class initialized using 'CodeIgniter\Session\Handlers\FileHandler' driver.
DEBUG - 2025-12-30 12:27:22 --> Session: Class initialized using 'CodeIgniter\Session\Handlers\FileHandler' driver.
DEBUG - 2025-12-30 12:27:36 --> Session: Class initialized using 'CodeIgniter\Session\Handlers\FileHandler' driver.
DEBUG - 2025-12-30 12:33:10 --> Session: Class initialized using 'CodeIgniter\Session\Handlers\FileHandler' driver.
DEBUG - 2025-12-30 12:33:16 --> Session: Class initialized using 'CodeIgniter\Session\Handlers\FileHandler' driver.
DEBUG - 2025-12-30 12:33:21 --> Session: Class initialized using 'CodeIgniter\Session\Handlers\FileHandler' driver.
DEBUG - 2025-12-30 12:34:25 --> Session: Class initialized using 'CodeIgniter\Session\Handlers\FileHandler' driver.
DEBUG - 2025-12-30 12:34:38 --> Session: Class initialized using 'CodeIgniter\Session\Handlers\FileHandler' driver.
DEBUG - 2025-12-30 12:35:09 --> Session: Class initialized using 'CodeIgniter\Session\Handlers\FileHandler' driver.
DEBUG - 2025-12-30 12:48:21 --> Session: Class initialized using 'CodeIgniter\Session\Handlers\FileHandler' driver.
DEBUG - 2025-12-30 12:54:09 --> Session: Class initialized using 'CodeIgniter\Session\Handlers\FileHandler' driver.
DEBUG - 2025-12-30 12:54:27 --> Session: Class initialized using 'CodeIgniter\Session\Handlers\FileHandler' driver.
DEBUG - 2025-12-30 12:55:43 --> Session: Class initialized using 'CodeIgniter\Session\Handlers\FileHandler' driver.
DEBUG - 2025-12-30 12:55:55 --> Session: Class initialized using 'CodeIgniter\Session\Handlers\FileHandler' driver.
DEBUG - 2025-12-30 12:59:36 --> Session: Class initialized using 'CodeIgniter\Session\Handlers\FileHandler' driver.
DEBUG - 2025-12-30 13:03:40 --> Session: Class initialized using 'CodeIgniter\Session\Handlers\FileHandler' driver.
DEBUG - 2025-12-30 13:06:10 --> Session: Class initialized using 'CodeIgniter\Session\Handlers\FileHandler' driver.
DEBUG - 2025-12-30 13:06:13 --> Session: Class initialized using 'CodeIgniter\Session\Handlers\FileHandler' driver.
DEBUG - 2025-12-30 13:07:17 --> Session: Class initialized using 'CodeIgniter\Session\Handlers\FileHandler' driver.
DEBUG - 2025-12-30 13:10:21 --> Session: Class initialized using 'CodeIgniter\Session\Handlers\FileHandler' driver.
DEBUG - 2025-12-30 13:13:55 --> Session: Class initialized using 'CodeIgniter\Session\Handlers\FileHandler' driver.
DEBUG - 2025-12-30 13:17:48 --> Session: Class initialized using 'CodeIgniter\Session\Handlers\FileHandler' driver.
DEBUG - 2025-12-30 13:18:18 --> Session: Class initialized using 'CodeIgniter\Session\Handlers\FileHandler' driver.
DEBUG - 2025-12-30 13:22:27 --> Session: Class initialized using 'CodeIgniter\Session\Handlers\FileHandler' driver.
DEBUG - 2025-12-30 13:24:40 --> Session: Class initialized using 'CodeIgniter\Session\Handlers\FileHandler' driver.
DEBUG - 2025-12-30 13:30:48 --> Session: Class initialized using 'CodeIgniter\Session\Handlers\FileHandler' driver.
DEBUG - 2025-12-30 13:30:56 --> Session: Class initialized using 'CodeIgniter\Session\Handlers\FileHandler' driver.
CRITICAL - 2025-12-30 13:45:01 --> ParseError: syntax error, unexpected end of file
[Method: GET, Route: contact]
in APPPATH\Views\pages\contact.php on line 542.
 1 SYSTEMPATH\View\View.php(229): CodeIgniter\View\View->CodeIgniter\View\{closure}()
 2 SYSTEMPATH\Common.php(1199): CodeIgniter\View\View->render('pages/contact', [], true)
 3 APPPATH\Controllers\Home.php(39): view('pages/contact')
 4 SYSTEMPATH\CodeIgniter.php(933): App\Controllers\Home->contact()
 5 SYSTEMPATH\CodeIgniter.php(507): CodeIgniter\CodeIgniter->runController(Object(App\Controllers\Home))
 6 SYSTEMPATH\CodeIgniter.php(354): CodeIgniter\CodeIgniter->handleRequest(null, Object(Config\Cache), false)
 7 SYSTEMPATH\Boot.php(363): CodeIgniter\CodeIgniter->run()
 8 SYSTEMPATH\Boot.php(68): CodeIgniter\Boot::runCodeIgniter(Object(CodeIgniter\CodeIgniter))
 9 FCPATH\index.php(59): CodeIgniter\Boot::bootWeb(Object(Config\Paths))
10 SYSTEMPATH\rewrite.php(44): require_once('C:\\xampp\\htdocs\\coffee-time\\public\\index.php')
DEBUG - 2025-12-30 13:45:06 --> Session: Class initialized using 'CodeIgniter\Session\Handlers\FileHandler' driver.
DEBUG - 2025-12-30 13:47:51 --> Session: Class initialized using 'CodeIgniter\Session\Handlers\FileHandler' driver.
DEBUG - 2025-12-30 13:47:52 --> Session: Class initialized using 'CodeIgniter\Session\Handlers\FileHandler' driver.
DEBUG - 2025-12-30 13:48:01 --> Session: Class initialized using 'CodeIgniter\Session\Handlers\FileHandler' driver.
CRITICAL - 2025-12-30 13:48:02 --> CodeIgniter\View\Exceptions\ViewException: Invalid file: "auth/login_page.php"
[Method: GET, Route: auth/login]
in SYSTEMPATH\Exceptions\FrameworkException.php on line 39.
 1 SYSTEMPATH\View\View.php(214): CodeIgniter\Exceptions\FrameworkException::forInvalidFile('auth/login_page.php')
 2 SYSTEMPATH\Common.php(1199): CodeIgniter\View\View->render('auth/login_page', [], true)
 3 APPPATH\Controllers\Auth.php(10): view('auth/login_page')
 4 SYSTEMPATH\CodeIgniter.php(933): App\Controllers\Auth->login()
 5 SYSTEMPATH\CodeIgniter.php(507): CodeIgniter\CodeIgniter->runController(Object(App\Controllers\Auth))
 6 SYSTEMPATH\CodeIgniter.php(354): CodeIgniter\CodeIgniter->handleRequest(null, Object(Config\Cache), false)
 7 SYSTEMPATH\Boot.php(363): CodeIgniter\CodeIgniter->run()
 8 SYSTEMPATH\Boot.php(68): CodeIgniter\Boot::runCodeIgniter(Object(CodeIgniter\CodeIgniter))
 9 FCPATH\index.php(59): CodeIgniter\Boot::bootWeb(Object(Config\Paths))
10 SYSTEMPATH\rewrite.php(44): require_once('C:\\xampp\\htdocs\\coffee-time\\public\\index.php')
DEBUG - 2025-12-30 13:53:10 --> Session: Class initialized using 'CodeIgniter\Session\Handlers\FileHandler' driver.
DEBUG - 2025-12-30 13:53:14 --> Session: Class initialized using 'CodeIgniter\Session\Handlers\FileHandler' driver.
DEBUG - 2025-12-30 13:53:17 --> Session: Class initialized using 'CodeIgniter\Session\Handlers\FileHandler' driver.
DEBUG - 2025-12-30 13:53:26 --> Session: Class initialized using 'CodeIgniter\Session\Handlers\FileHandler' driver.
DEBUG - 2025-12-30 13:53:26 --> Session: Class initialized using 'CodeIgniter\Session\Handlers\FileHandler' driver.
DEBUG - 2025-12-30 13:53:46 --> Session: Class initialized using 'CodeIgniter\Session\Handlers\FileHandler' driver.
DEBUG - 2025-12-30 13:53:47 --> Session: Class initialized using 'CodeIgniter\Session\Handlers\FileHandler' driver.
ERROR - 2025-12-30 13:54:13 --> mysqli_sql_exception: Duplicate entry 'ranggis' for key 'username' in C:\xampp\htdocs\coffee-time\system\Database\MySQLi\Connection.php:327
Stack trace:
#0 C:\xampp\htdocs\coffee-time\system\Database\MySQLi\Connection.php(327): mysqli->query('INSERT INTO `us...', 0)
#1 C:\xampp\htdocs\coffee-time\system\Database\BaseConnection.php(729): CodeIgniter\Database\MySQLi\Connection->execute('INSERT INTO `us...')
#2 C:\xampp\htdocs\coffee-time\system\Database\BaseConnection.php(646): CodeIgniter\Database\BaseConnection->simpleQuery('INSERT INTO `us...')
#3 C:\xampp\htdocs\coffee-time\system\Database\BaseBuilder.php(2345): CodeIgniter\Database\BaseConnection->query('INSERT INTO `us...', Array, false)
#4 C:\xampp\htdocs\coffee-time\system\Model.php(394): CodeIgniter\Database\BaseBuilder->insert()
#5 C:\xampp\htdocs\coffee-time\system\BaseModel.php(838): CodeIgniter\Model->doInsert(Array)
#6 C:\xampp\htdocs\coffee-time\system\Model.php(797): CodeIgniter\BaseModel->insert(Array, true)
#7 C:\xampp\htdocs\coffee-time\app\Controllers\Auth.php(50): CodeIgniter\Model->insert(Array)
#8 C:\xampp\htdocs\coffee-time\system\CodeIgniter.php(933): App\Controllers\Auth->process_register()
#9 C:\xampp\htdocs\coffee-time\system\CodeIgniter.php(507): CodeIgniter\CodeIgniter->runController(Object(App\Controllers\Auth))
#10 C:\xampp\htdocs\coffee-time\system\CodeIgniter.php(354): CodeIgniter\CodeIgniter->handleRequest(NULL, Object(Config\Cache), false)
#11 C:\xampp\htdocs\coffee-time\system\Boot.php(363): CodeIgniter\CodeIgniter->run()
#12 C:\xampp\htdocs\coffee-time\system\Boot.php(68): CodeIgniter\Boot::runCodeIgniter(Object(CodeIgniter\CodeIgniter))
#13 C:\xampp\htdocs\coffee-time\public\index.php(59): CodeIgniter\Boot::bootWeb(Object(Config\Paths))
#14 C:\xampp\htdocs\coffee-time\system\rewrite.php(44): require_once('C:\\xampp\\htdocs...')
#15 {main}
CRITICAL - 2025-12-30 13:54:14 --> CodeIgniter\Database\Exceptions\DatabaseException: Duplicate entry 'ranggis' for key 'username'
[Method: POST, Route: auth/process_register]
in SYSTEMPATH\Database\BaseConnection.php on line 684.
 1 SYSTEMPATH\Database\BaseBuilder.php(2345): CodeIgniter\Database\BaseConnection->query('INSERT INTO `users` (`username`, `email`, `password`, `role`) VALUES (:username:, :email:, :password:, :role:)', [...], false)
 2 SYSTEMPATH\Model.php(394): CodeIgniter\Database\BaseBuilder->insert()
 3 SYSTEMPATH\BaseModel.php(838): CodeIgniter\Model->doInsert([...])
 4 SYSTEMPATH\Model.php(797): CodeIgniter\BaseModel->insert([...], true)
 5 APPPATH\Controllers\Auth.php(50): CodeIgniter\Model->insert([...])
 6 SYSTEMPATH\CodeIgniter.php(933): App\Controllers\Auth->process_register()
 7 SYSTEMPATH\CodeIgniter.php(507): CodeIgniter\CodeIgniter->runController(Object(App\Controllers\Auth))
 8 SYSTEMPATH\CodeIgniter.php(354): CodeIgniter\CodeIgniter->handleRequest(null, Object(Config\Cache), false)
 9 SYSTEMPATH\Boot.php(363): CodeIgniter\CodeIgniter->run()
10 SYSTEMPATH\Boot.php(68): CodeIgniter\Boot::runCodeIgniter(Object(CodeIgniter\CodeIgniter))
11 FCPATH\index.php(59): CodeIgniter\Boot::bootWeb(Object(Config\Paths))
12 SYSTEMPATH\rewrite.php(44): require_once('C:\\xampp\\htdocs\\coffee-time\\public\\index.php')
CRITICAL - 2025-12-30 13:54:14 --> [Caused by] CodeIgniter\Database\Exceptions\DatabaseException: Duplicate entry 'ranggis' for key 'username'
in SYSTEMPATH\Database\MySQLi\Connection.php on line 332.
 1 SYSTEMPATH\Database\BaseConnection.php(729): CodeIgniter\Database\MySQLi\Connection->execute('INSERT INTO `users` (`username`, `email`, `password`, `role`) VALUES (\'ranggis\', \'ranggis@gmail.com\', \'$2y$10$TNjxGdB58DaMgZQgCZ1D1Ob9gqfONsU0l6bRFzZXWKGcTfRaAJf8W\', \'customer\')')
 2 SYSTEMPATH\Database\BaseConnection.php(646): CodeIgniter\Database\BaseConnection->simpleQuery('INSERT INTO `users` (`username`, `email`, `password`, `role`) VALUES (\'ranggis\', \'ranggis@gmail.com\', \'$2y$10$TNjxGdB58DaMgZQgCZ1D1Ob9gqfONsU0l6bRFzZXWKGcTfRaAJf8W\', \'customer\')')
 3 SYSTEMPATH\Database\BaseBuilder.php(2345): CodeIgniter\Database\BaseConnection->query('INSERT INTO `users` (`username`, `email`, `password`, `role`) VALUES (:username:, :email:, :password:, :role:)', [...], false)
 4 SYSTEMPATH\Model.php(394): CodeIgniter\Database\BaseBuilder->insert()
 5 SYSTEMPATH\BaseModel.php(838): CodeIgniter\Model->doInsert([...])
 6 SYSTEMPATH\Model.php(797): CodeIgniter\BaseModel->insert([...], true)
 7 APPPATH\Controllers\Auth.php(50): CodeIgniter\Model->insert([...])
 8 SYSTEMPATH\CodeIgniter.php(933): App\Controllers\Auth->process_register()
 9 SYSTEMPATH\CodeIgniter.php(507): CodeIgniter\CodeIgniter->runController(Object(App\Controllers\Auth))
10 SYSTEMPATH\CodeIgniter.php(354): CodeIgniter\CodeIgniter->handleRequest(null, Object(Config\Cache), false)
11 SYSTEMPATH\Boot.php(363): CodeIgniter\CodeIgniter->run()
12 SYSTEMPATH\Boot.php(68): CodeIgniter\Boot::runCodeIgniter(Object(CodeIgniter\CodeIgniter))
13 FCPATH\index.php(59): CodeIgniter\Boot::bootWeb(Object(Config\Paths))
14 SYSTEMPATH\rewrite.php(44): require_once('C:\\xampp\\htdocs\\coffee-time\\public\\index.php')
CRITICAL - 2025-12-30 13:54:14 --> [Caused by] mysqli_sql_exception: Duplicate entry 'ranggis' for key 'username'
in SYSTEMPATH\Database\MySQLi\Connection.php on line 327.
 1 SYSTEMPATH\Database\MySQLi\Connection.php(327): mysqli->query('INSERT INTO `users` (`username`, `email`, `password`, `role`) VALUES (\'ranggis\', \'ranggis@gmail.com\', \'$2y$10$TNjxGdB58DaMgZQgCZ1D1Ob9gqfONsU0l6bRFzZXWKGcTfRaAJf8W\', \'customer\')', 0)
 2 SYSTEMPATH\Database\BaseConnection.php(729): CodeIgniter\Database\MySQLi\Connection->execute('INSERT INTO `users` (`username`, `email`, `password`, `role`) VALUES (\'ranggis\', \'ranggis@gmail.com\', \'$2y$10$TNjxGdB58DaMgZQgCZ1D1Ob9gqfONsU0l6bRFzZXWKGcTfRaAJf8W\', \'customer\')')
 3 SYSTEMPATH\Database\BaseConnection.php(646): CodeIgniter\Database\BaseConnection->simpleQuery('INSERT INTO `users` (`username`, `email`, `password`, `role`) VALUES (\'ranggis\', \'ranggis@gmail.com\', \'$2y$10$TNjxGdB58DaMgZQgCZ1D1Ob9gqfONsU0l6bRFzZXWKGcTfRaAJf8W\', \'customer\')')
 4 SYSTEMPATH\Database\BaseBuilder.php(2345): CodeIgniter\Database\BaseConnection->query('INSERT INTO `users` (`username`, `email`, `password`, `role`) VALUES (:username:, :email:, :password:, :role:)', [...], false)
 5 SYSTEMPATH\Model.php(394): CodeIgniter\Database\BaseBuilder->insert()
 6 SYSTEMPATH\BaseModel.php(838): CodeIgniter\Model->doInsert([...])
 7 SYSTEMPATH\Model.php(797): CodeIgniter\BaseModel->insert([...], true)
 8 APPPATH\Controllers\Auth.php(50): CodeIgniter\Model->insert([...])
 9 SYSTEMPATH\CodeIgniter.php(933): App\Controllers\Auth->process_register()
10 SYSTEMPATH\CodeIgniter.php(507): CodeIgniter\CodeIgniter->runController(Object(App\Controllers\Auth))
11 SYSTEMPATH\CodeIgniter.php(354): CodeIgniter\CodeIgniter->handleRequest(null, Object(Config\Cache), false)
12 SYSTEMPATH\Boot.php(363): CodeIgniter\CodeIgniter->run()
13 SYSTEMPATH\Boot.php(68): CodeIgniter\Boot::runCodeIgniter(Object(CodeIgniter\CodeIgniter))
14 FCPATH\index.php(59): CodeIgniter\Boot::bootWeb(Object(Config\Paths))
15 SYSTEMPATH\rewrite.php(44): require_once('C:\\xampp\\htdocs\\coffee-time\\public\\index.php')
ERROR - 2025-12-30 13:54:27 --> mysqli_sql_exception: Duplicate entry 'ranggis' for key 'username' in C:\xampp\htdocs\coffee-time\system\Database\MySQLi\Connection.php:327
Stack trace:
#0 C:\xampp\htdocs\coffee-time\system\Database\MySQLi\Connection.php(327): mysqli->query('INSERT INTO `us...', 0)
#1 C:\xampp\htdocs\coffee-time\system\Database\BaseConnection.php(729): CodeIgniter\Database\MySQLi\Connection->execute('INSERT INTO `us...')
#2 C:\xampp\htdocs\coffee-time\system\Database\BaseConnection.php(646): CodeIgniter\Database\BaseConnection->simpleQuery('INSERT INTO `us...')
#3 C:\xampp\htdocs\coffee-time\system\Database\BaseBuilder.php(2345): CodeIgniter\Database\BaseConnection->query('INSERT INTO `us...', Array, false)
#4 C:\xampp\htdocs\coffee-time\system\Model.php(394): CodeIgniter\Database\BaseBuilder->insert()
#5 C:\xampp\htdocs\coffee-time\system\BaseModel.php(838): CodeIgniter\Model->doInsert(Array)
#6 C:\xampp\htdocs\coffee-time\system\Model.php(797): CodeIgniter\BaseModel->insert(Array, true)
#7 C:\xampp\htdocs\coffee-time\app\Controllers\Auth.php(50): CodeIgniter\Model->insert(Array)
#8 C:\xampp\htdocs\coffee-time\system\CodeIgniter.php(933): App\Controllers\Auth->process_register()
#9 C:\xampp\htdocs\coffee-time\system\CodeIgniter.php(507): CodeIgniter\CodeIgniter->runController(Object(App\Controllers\Auth))
#10 C:\xampp\htdocs\coffee-time\system\CodeIgniter.php(354): CodeIgniter\CodeIgniter->handleRequest(NULL, Object(Config\Cache), false)
#11 C:\xampp\htdocs\coffee-time\system\Boot.php(363): CodeIgniter\CodeIgniter->run()
#12 C:\xampp\htdocs\coffee-time\system\Boot.php(68): CodeIgniter\Boot::runCodeIgniter(Object(CodeIgniter\CodeIgniter))
#13 C:\xampp\htdocs\coffee-time\public\index.php(59): CodeIgniter\Boot::bootWeb(Object(Config\Paths))
#14 C:\xampp\htdocs\coffee-time\system\rewrite.php(44): require_once('C:\\xampp\\htdocs...')
#15 {main}
CRITICAL - 2025-12-30 13:54:27 --> CodeIgniter\Database\Exceptions\DatabaseException: Duplicate entry 'ranggis' for key 'username'
[Method: POST, Route: auth/process_register]
in SYSTEMPATH\Database\BaseConnection.php on line 684.
 1 SYSTEMPATH\Database\BaseBuilder.php(2345): CodeIgniter\Database\BaseConnection->query('INSERT INTO `users` (`username`, `email`, `password`, `role`) VALUES (:username:, :email:, :password:, :role:)', [...], false)
 2 SYSTEMPATH\Model.php(394): CodeIgniter\Database\BaseBuilder->insert()
 3 SYSTEMPATH\BaseModel.php(838): CodeIgniter\Model->doInsert([...])
 4 SYSTEMPATH\Model.php(797): CodeIgniter\BaseModel->insert([...], true)
 5 APPPATH\Controllers\Auth.php(50): CodeIgniter\Model->insert([...])
 6 SYSTEMPATH\CodeIgniter.php(933): App\Controllers\Auth->process_register()
 7 SYSTEMPATH\CodeIgniter.php(507): CodeIgniter\CodeIgniter->runController(Object(App\Controllers\Auth))
 8 SYSTEMPATH\CodeIgniter.php(354): CodeIgniter\CodeIgniter->handleRequest(null, Object(Config\Cache), false)
 9 SYSTEMPATH\Boot.php(363): CodeIgniter\CodeIgniter->run()
10 SYSTEMPATH\Boot.php(68): CodeIgniter\Boot::runCodeIgniter(Object(CodeIgniter\CodeIgniter))
11 FCPATH\index.php(59): CodeIgniter\Boot::bootWeb(Object(Config\Paths))
12 SYSTEMPATH\rewrite.php(44): require_once('C:\\xampp\\htdocs\\coffee-time\\public\\index.php')
CRITICAL - 2025-12-30 13:54:27 --> [Caused by] CodeIgniter\Database\Exceptions\DatabaseException: Duplicate entry 'ranggis' for key 'username'
in SYSTEMPATH\Database\MySQLi\Connection.php on line 332.
 1 SYSTEMPATH\Database\BaseConnection.php(729): CodeIgniter\Database\MySQLi\Connection->execute('INSERT INTO `users` (`username`, `email`, `password`, `role`) VALUES (\'ranggis\', \'ranggis@gmail.com\', \'$2y$10$5d9gAP18vGfy2hvqmyq7AehTO.xiMptA69UdQajtO1K5R3z.Z2AzW\', \'customer\')')
 2 SYSTEMPATH\Database\BaseConnection.php(646): CodeIgniter\Database\BaseConnection->simpleQuery('INSERT INTO `users` (`username`, `email`, `password`, `role`) VALUES (\'ranggis\', \'ranggis@gmail.com\', \'$2y$10$5d9gAP18vGfy2hvqmyq7AehTO.xiMptA69UdQajtO1K5R3z.Z2AzW\', \'customer\')')
 3 SYSTEMPATH\Database\BaseBuilder.php(2345): CodeIgniter\Database\BaseConnection->query('INSERT INTO `users` (`username`, `email`, `password`, `role`) VALUES (:username:, :email:, :password:, :role:)', [...], false)
 4 SYSTEMPATH\Model.php(394): CodeIgniter\Database\BaseBuilder->insert()
 5 SYSTEMPATH\BaseModel.php(838): CodeIgniter\Model->doInsert([...])
 6 SYSTEMPATH\Model.php(797): CodeIgniter\BaseModel->insert([...], true)
 7 APPPATH\Controllers\Auth.php(50): CodeIgniter\Model->insert([...])
 8 SYSTEMPATH\CodeIgniter.php(933): App\Controllers\Auth->process_register()
 9 SYSTEMPATH\CodeIgniter.php(507): CodeIgniter\CodeIgniter->runController(Object(App\Controllers\Auth))
10 SYSTEMPATH\CodeIgniter.php(354): CodeIgniter\CodeIgniter->handleRequest(null, Object(Config\Cache), false)
11 SYSTEMPATH\Boot.php(363): CodeIgniter\CodeIgniter->run()
12 SYSTEMPATH\Boot.php(68): CodeIgniter\Boot::runCodeIgniter(Object(CodeIgniter\CodeIgniter))
13 FCPATH\index.php(59): CodeIgniter\Boot::bootWeb(Object(Config\Paths))
14 SYSTEMPATH\rewrite.php(44): require_once('C:\\xampp\\htdocs\\coffee-time\\public\\index.php')
CRITICAL - 2025-12-30 13:54:27 --> [Caused by] mysqli_sql_exception: Duplicate entry 'ranggis' for key 'username'
in SYSTEMPATH\Database\MySQLi\Connection.php on line 327.
 1 SYSTEMPATH\Database\MySQLi\Connection.php(327): mysqli->query('INSERT INTO `users` (`username`, `email`, `password`, `role`) VALUES (\'ranggis\', \'ranggis@gmail.com\', \'$2y$10$5d9gAP18vGfy2hvqmyq7AehTO.xiMptA69UdQajtO1K5R3z.Z2AzW\', \'customer\')', 0)
 2 SYSTEMPATH\Database\BaseConnection.php(729): CodeIgniter\Database\MySQLi\Connection->execute('INSERT INTO `users` (`username`, `email`, `password`, `role`) VALUES (\'ranggis\', \'ranggis@gmail.com\', \'$2y$10$5d9gAP18vGfy2hvqmyq7AehTO.xiMptA69UdQajtO1K5R3z.Z2AzW\', \'customer\')')
 3 SYSTEMPATH\Database\BaseConnection.php(646): CodeIgniter\Database\BaseConnection->simpleQuery('INSERT INTO `users` (`username`, `email`, `password`, `role`) VALUES (\'ranggis\', \'ranggis@gmail.com\', \'$2y$10$5d9gAP18vGfy2hvqmyq7AehTO.xiMptA69UdQajtO1K5R3z.Z2AzW\', \'customer\')')
 4 SYSTEMPATH\Database\BaseBuilder.php(2345): CodeIgniter\Database\BaseConnection->query('INSERT INTO `users` (`username`, `email`, `password`, `role`) VALUES (:username:, :email:, :password:, :role:)', [...], false)
 5 SYSTEMPATH\Model.php(394): CodeIgniter\Database\BaseBuilder->insert()
 6 SYSTEMPATH\BaseModel.php(838): CodeIgniter\Model->doInsert([...])
 7 SYSTEMPATH\Model.php(797): CodeIgniter\BaseModel->insert([...], true)
 8 APPPATH\Controllers\Auth.php(50): CodeIgniter\Model->insert([...])
 9 SYSTEMPATH\CodeIgniter.php(933): App\Controllers\Auth->process_register()
10 SYSTEMPATH\CodeIgniter.php(507): CodeIgniter\CodeIgniter->runController(Object(App\Controllers\Auth))
11 SYSTEMPATH\CodeIgniter.php(354): CodeIgniter\CodeIgniter->handleRequest(null, Object(Config\Cache), false)
12 SYSTEMPATH\Boot.php(363): CodeIgniter\CodeIgniter->run()
13 SYSTEMPATH\Boot.php(68): CodeIgniter\Boot::runCodeIgniter(Object(CodeIgniter\CodeIgniter))
14 FCPATH\index.php(59): CodeIgniter\Boot::bootWeb(Object(Config\Paths))
15 SYSTEMPATH\rewrite.php(44): require_once('C:\\xampp\\htdocs\\coffee-time\\public\\index.php')
DEBUG - 2025-12-30 13:55:48 --> Session: Class initialized using 'CodeIgniter\Session\Handlers\FileHandler' driver.
DEBUG - 2025-12-30 13:55:48 --> Session: Class initialized using 'CodeIgniter\Session\Handlers\FileHandler' driver.
DEBUG - 2025-12-30 13:56:09 --> Session: Class initialized using 'CodeIgniter\Session\Handlers\FileHandler' driver.
DEBUG - 2025-12-30 13:56:09 --> Session: Class initialized using 'CodeIgniter\Session\Handlers\FileHandler' driver.
DEBUG - 2025-12-30 13:56:30 --> Session: Class initialized using 'CodeIgniter\Session\Handlers\FileHandler' driver.
DEBUG - 2025-12-30 13:56:31 --> Session: Class initialized using 'CodeIgniter\Session\Handlers\FileHandler' driver.
DEBUG - 2025-12-30 13:56:55 --> Session: Class initialized using 'CodeIgniter\Session\Handlers\FileHandler' driver.
DEBUG - 2025-12-30 13:56:55 --> Session: Class initialized using 'CodeIgniter\Session\Handlers\FileHandler' driver.
DEBUG - 2025-12-30 13:57:26 --> Session: Class initialized using 'CodeIgniter\Session\Handlers\FileHandler' driver.
DEBUG - 2025-12-30 13:57:26 --> Session: Class initialized using 'CodeIgniter\Session\Handlers\FileHandler' driver.
DEBUG - 2025-12-30 13:57:37 --> Session: Class initialized using 'CodeIgniter\Session\Handlers\FileHandler' driver.
DEBUG - 2025-12-30 13:57:41 --> Session: Class initialized using 'CodeIgniter\Session\Handlers\FileHandler' driver.
DEBUG - 2025-12-30 13:58:19 --> Session: Class initialized using 'CodeIgniter\Session\Handlers\FileHandler' driver.
DEBUG - 2025-12-30 13:58:24 --> Session: Class initialized using 'CodeIgniter\Session\Handlers\FileHandler' driver.
DEBUG - 2025-12-30 14:02:59 --> Session: Class initialized using 'CodeIgniter\Session\Handlers\FileHandler' driver.
CRITICAL - 2025-12-30 14:02:59 --> Error: Class "App\Models\ContactModel" not found
[Method: POST, Route: contact/send]
in APPPATH\Controllers\Contact.php on line 23.
 1 SYSTEMPATH\CodeIgniter.php(933): App\Controllers\Contact->send()
 2 SYSTEMPATH\CodeIgniter.php(507): CodeIgniter\CodeIgniter->runController(Object(App\Controllers\Contact))
 3 SYSTEMPATH\CodeIgniter.php(354): CodeIgniter\CodeIgniter->handleRequest(null, Object(Config\Cache), false)
 4 SYSTEMPATH\Boot.php(363): CodeIgniter\CodeIgniter->run()
 5 SYSTEMPATH\Boot.php(68): CodeIgniter\Boot::runCodeIgniter(Object(CodeIgniter\CodeIgniter))
 6 FCPATH\index.php(59): CodeIgniter\Boot::bootWeb(Object(Config\Paths))
 7 SYSTEMPATH\rewrite.php(44): require_once('C:\\xampp\\htdocs\\coffee-time\\public\\index.php')
DEBUG - 2025-12-30 14:04:00 --> Session: Class initialized using 'CodeIgniter\Session\Handlers\FileHandler' driver.
ERROR - 2025-12-30 14:04:00 --> mysqli_sql_exception: Table 'db_coffee_time.contact' doesn't exist in C:\xampp\htdocs\coffee-time\system\Database\MySQLi\Connection.php:327
Stack trace:
#0 C:\xampp\htdocs\coffee-time\system\Database\MySQLi\Connection.php(327): mysqli->query('INSERT INTO `co...', 0)
#1 C:\xampp\htdocs\coffee-time\system\Database\BaseConnection.php(729): CodeIgniter\Database\MySQLi\Connection->execute('INSERT INTO `co...')
#2 C:\xampp\htdocs\coffee-time\system\Database\BaseConnection.php(646): CodeIgniter\Database\BaseConnection->simpleQuery('INSERT INTO `co...')
#3 C:\xampp\htdocs\coffee-time\system\Database\BaseBuilder.php(2345): CodeIgniter\Database\BaseConnection->query('INSERT INTO `co...', Array, false)
#4 C:\xampp\htdocs\coffee-time\system\Model.php(394): CodeIgniter\Database\BaseBuilder->insert()
#5 C:\xampp\htdocs\coffee-time\system\BaseModel.php(838): CodeIgniter\Model->doInsert(Array)
#6 C:\xampp\htdocs\coffee-time\system\Model.php(797): CodeIgniter\BaseModel->insert(Array, true)
#7 C:\xampp\htdocs\coffee-time\app\Controllers\Contact.php(24): CodeIgniter\Model->insert(Array)
#8 C:\xampp\htdocs\coffee-time\system\CodeIgniter.php(933): App\Controllers\Contact->send()
#9 C:\xampp\htdocs\coffee-time\system\CodeIgniter.php(507): CodeIgniter\CodeIgniter->runController(Object(App\Controllers\Contact))
#10 C:\xampp\htdocs\coffee-time\system\CodeIgniter.php(354): CodeIgniter\CodeIgniter->handleRequest(NULL, Object(Config\Cache), false)
#11 C:\xampp\htdocs\coffee-time\system\Boot.php(363): CodeIgniter\CodeIgniter->run()
#12 C:\xampp\htdocs\coffee-time\system\Boot.php(68): CodeIgniter\Boot::runCodeIgniter(Object(CodeIgniter\CodeIgniter))
#13 C:\xampp\htdocs\coffee-time\public\index.php(59): CodeIgniter\Boot::bootWeb(Object(Config\Paths))
#14 C:\xampp\htdocs\coffee-time\system\rewrite.php(44): require_once('C:\\xampp\\htdocs...')
#15 {main}
CRITICAL - 2025-12-30 14:04:00 --> CodeIgniter\Database\Exceptions\DatabaseException: Table 'db_coffee_time.contact' doesn't exist
[Method: POST, Route: contact/send]
in SYSTEMPATH\Database\BaseConnection.php on line 684.
 1 SYSTEMPATH\Database\BaseBuilder.php(2345): CodeIgniter\Database\BaseConnection->query('INSERT INTO `contact` (`name`, `email`, `subject`, `message`) VALUES (:name:, :email:, :subject:, :message:)', [...], false)
 2 SYSTEMPATH\Model.php(394): CodeIgniter\Database\BaseBuilder->insert()
 3 SYSTEMPATH\BaseModel.php(838): CodeIgniter\Model->doInsert([...])
 4 SYSTEMPATH\Model.php(797): CodeIgniter\BaseModel->insert([...], true)
 5 APPPATH\Controllers\Contact.php(24): CodeIgniter\Model->insert([...])
 6 SYSTEMPATH\CodeIgniter.php(933): App\Controllers\Contact->send()
 7 SYSTEMPATH\CodeIgniter.php(507): CodeIgniter\CodeIgniter->runController(Object(App\Controllers\Contact))
 8 SYSTEMPATH\CodeIgniter.php(354): CodeIgniter\CodeIgniter->handleRequest(null, Object(Config\Cache), false)
 9 SYSTEMPATH\Boot.php(363): CodeIgniter\CodeIgniter->run()
10 SYSTEMPATH\Boot.php(68): CodeIgniter\Boot::runCodeIgniter(Object(CodeIgniter\CodeIgniter))
11 FCPATH\index.php(59): CodeIgniter\Boot::bootWeb(Object(Config\Paths))
12 SYSTEMPATH\rewrite.php(44): require_once('C:\\xampp\\htdocs\\coffee-time\\public\\index.php')
CRITICAL - 2025-12-30 14:04:00 --> [Caused by] CodeIgniter\Database\Exceptions\DatabaseException: Table 'db_coffee_time.contact' doesn't exist
in SYSTEMPATH\Database\MySQLi\Connection.php on line 332.
 1 SYSTEMPATH\Database\BaseConnection.php(729): CodeIgniter\Database\MySQLi\Connection->execute('INSERT INTO `contact` (`name`, `email`, `subject`, `message`) VALUES (\'ranggiss\', \'ranggiss@gmail.com\', NULL, NULL)')
 2 SYSTEMPATH\Database\BaseConnection.php(646): CodeIgniter\Database\BaseConnection->simpleQuery('INSERT INTO `contact` (`name`, `email`, `subject`, `message`) VALUES (\'ranggiss\', \'ranggiss@gmail.com\', NULL, NULL)')
 3 SYSTEMPATH\Database\BaseBuilder.php(2345): CodeIgniter\Database\BaseConnection->query('INSERT INTO `contact` (`name`, `email`, `subject`, `message`) VALUES (:name:, :email:, :subject:, :message:)', [...], false)
 4 SYSTEMPATH\Model.php(394): CodeIgniter\Database\BaseBuilder->insert()
 5 SYSTEMPATH\BaseModel.php(838): CodeIgniter\Model->doInsert([...])
 6 SYSTEMPATH\Model.php(797): CodeIgniter\BaseModel->insert([...], true)
 7 APPPATH\Controllers\Contact.php(24): CodeIgniter\Model->insert([...])
 8 SYSTEMPATH\CodeIgniter.php(933): App\Controllers\Contact->send()
 9 SYSTEMPATH\CodeIgniter.php(507): CodeIgniter\CodeIgniter->runController(Object(App\Controllers\Contact))
10 SYSTEMPATH\CodeIgniter.php(354): CodeIgniter\CodeIgniter->handleRequest(null, Object(Config\Cache), false)
11 SYSTEMPATH\Boot.php(363): CodeIgniter\CodeIgniter->run()
12 SYSTEMPATH\Boot.php(68): CodeIgniter\Boot::runCodeIgniter(Object(CodeIgniter\CodeIgniter))
13 FCPATH\index.php(59): CodeIgniter\Boot::bootWeb(Object(Config\Paths))
14 SYSTEMPATH\rewrite.php(44): require_once('C:\\xampp\\htdocs\\coffee-time\\public\\index.php')
CRITICAL - 2025-12-30 14:04:00 --> [Caused by] mysqli_sql_exception: Table 'db_coffee_time.contact' doesn't exist
in SYSTEMPATH\Database\MySQLi\Connection.php on line 327.
 1 SYSTEMPATH\Database\MySQLi\Connection.php(327): mysqli->query('INSERT INTO `contact` (`name`, `email`, `subject`, `message`) VALUES (\'ranggiss\', \'ranggiss@gmail.com\', NULL, NULL)', 0)
 2 SYSTEMPATH\Database\BaseConnection.php(729): CodeIgniter\Database\MySQLi\Connection->execute('INSERT INTO `contact` (`name`, `email`, `subject`, `message`) VALUES (\'ranggiss\', \'ranggiss@gmail.com\', NULL, NULL)')
 3 SYSTEMPATH\Database\BaseConnection.php(646): CodeIgniter\Database\BaseConnection->simpleQuery('INSERT INTO `contact` (`name`, `email`, `subject`, `message`) VALUES (\'ranggiss\', \'ranggiss@gmail.com\', NULL, NULL)')
 4 SYSTEMPATH\Database\BaseBuilder.php(2345): CodeIgniter\Database\BaseConnection->query('INSERT INTO `contact` (`name`, `email`, `subject`, `message`) VALUES (:name:, :email:, :subject:, :message:)', [...], false)
 5 SYSTEMPATH\Model.php(394): CodeIgniter\Database\BaseBuilder->insert()
 6 SYSTEMPATH\BaseModel.php(838): CodeIgniter\Model->doInsert([...])
 7 SYSTEMPATH\Model.php(797): CodeIgniter\BaseModel->insert([...], true)
 8 APPPATH\Controllers\Contact.php(24): CodeIgniter\Model->insert([...])
 9 SYSTEMPATH\CodeIgniter.php(933): App\Controllers\Contact->send()
10 SYSTEMPATH\CodeIgniter.php(507): CodeIgniter\CodeIgniter->runController(Object(App\Controllers\Contact))
11 SYSTEMPATH\CodeIgniter.php(354): CodeIgniter\CodeIgniter->handleRequest(null, Object(Config\Cache), false)
12 SYSTEMPATH\Boot.php(363): CodeIgniter\CodeIgniter->run()
13 SYSTEMPATH\Boot.php(68): CodeIgniter\Boot::runCodeIgniter(Object(CodeIgniter\CodeIgniter))
14 FCPATH\index.php(59): CodeIgniter\Boot::bootWeb(Object(Config\Paths))
15 SYSTEMPATH\rewrite.php(44): require_once('C:\\xampp\\htdocs\\coffee-time\\public\\index.php')
DEBUG - 2025-12-30 14:05:53 --> Session: Class initialized using 'CodeIgniter\Session\Handlers\FileHandler' driver.
DEBUG - 2025-12-30 14:05:54 --> Session: Class initialized using 'CodeIgniter\Session\Handlers\FileHandler' driver.
ERROR - 2025-12-30 14:05:54 --> mysqli_sql_exception: Column 'message' cannot be null in C:\xampp\htdocs\coffee-time\system\Database\MySQLi\Connection.php:327
Stack trace:
#0 C:\xampp\htdocs\coffee-time\system\Database\MySQLi\Connection.php(327): mysqli->query('INSERT INTO `co...', 0)
#1 C:\xampp\htdocs\coffee-time\system\Database\BaseConnection.php(729): CodeIgniter\Database\MySQLi\Connection->execute('INSERT INTO `co...')
#2 C:\xampp\htdocs\coffee-time\system\Database\BaseConnection.php(646): CodeIgniter\Database\BaseConnection->simpleQuery('INSERT INTO `co...')
#3 C:\xampp\htdocs\coffee-time\system\Database\BaseBuilder.php(2345): CodeIgniter\Database\BaseConnection->query('INSERT INTO `co...', Array, false)
#4 C:\xampp\htdocs\coffee-time\system\Model.php(394): CodeIgniter\Database\BaseBuilder->insert()
#5 C:\xampp\htdocs\coffee-time\system\BaseModel.php(838): CodeIgniter\Model->doInsert(Array)
#6 C:\xampp\htdocs\coffee-time\system\Model.php(797): CodeIgniter\BaseModel->insert(Array, true)
#7 C:\xampp\htdocs\coffee-time\app\Controllers\Contact.php(18): CodeIgniter\Model->insert(Array)
#8 C:\xampp\htdocs\coffee-time\system\CodeIgniter.php(933): App\Controllers\Contact->send()
#9 C:\xampp\htdocs\coffee-time\system\CodeIgniter.php(507): CodeIgniter\CodeIgniter->runController(Object(App\Controllers\Contact))
#10 C:\xampp\htdocs\coffee-time\system\CodeIgniter.php(354): CodeIgniter\CodeIgniter->handleRequest(NULL, Object(Config\Cache), false)
#11 C:\xampp\htdocs\coffee-time\system\Boot.php(363): CodeIgniter\CodeIgniter->run()
#12 C:\xampp\htdocs\coffee-time\system\Boot.php(68): CodeIgniter\Boot::runCodeIgniter(Object(CodeIgniter\CodeIgniter))
#13 C:\xampp\htdocs\coffee-time\public\index.php(59): CodeIgniter\Boot::bootWeb(Object(Config\Paths))
#14 C:\xampp\htdocs\coffee-time\system\rewrite.php(44): require_once('C:\\xampp\\htdocs...')
#15 {main}
CRITICAL - 2025-12-30 14:05:54 --> CodeIgniter\Database\Exceptions\DatabaseException: Column 'message' cannot be null
[Method: POST, Route: contact/send]
in SYSTEMPATH\Database\BaseConnection.php on line 684.
 1 SYSTEMPATH\Database\BaseBuilder.php(2345): CodeIgniter\Database\BaseConnection->query('INSERT INTO `contacts` (`name`, `email`, `subject`, `message`) VALUES (:name:, :email:, :subject:, :message:)', [...], false)
 2 SYSTEMPATH\Model.php(394): CodeIgniter\Database\BaseBuilder->insert()
 3 SYSTEMPATH\BaseModel.php(838): CodeIgniter\Model->doInsert([...])
 4 SYSTEMPATH\Model.php(797): CodeIgniter\BaseModel->insert([...], true)
 5 APPPATH\Controllers\Contact.php(18): CodeIgniter\Model->insert([...])
 6 SYSTEMPATH\CodeIgniter.php(933): App\Controllers\Contact->send()
 7 SYSTEMPATH\CodeIgniter.php(507): CodeIgniter\CodeIgniter->runController(Object(App\Controllers\Contact))
 8 SYSTEMPATH\CodeIgniter.php(354): CodeIgniter\CodeIgniter->handleRequest(null, Object(Config\Cache), false)
 9 SYSTEMPATH\Boot.php(363): CodeIgniter\CodeIgniter->run()
10 SYSTEMPATH\Boot.php(68): CodeIgniter\Boot::runCodeIgniter(Object(CodeIgniter\CodeIgniter))
11 FCPATH\index.php(59): CodeIgniter\Boot::bootWeb(Object(Config\Paths))
12 SYSTEMPATH\rewrite.php(44): require_once('C:\\xampp\\htdocs\\coffee-time\\public\\index.php')
CRITICAL - 2025-12-30 14:05:54 --> [Caused by] CodeIgniter\Database\Exceptions\DatabaseException: Column 'message' cannot be null
in SYSTEMPATH\Database\MySQLi\Connection.php on line 332.
 1 SYSTEMPATH\Database\BaseConnection.php(729): CodeIgniter\Database\MySQLi\Connection->execute('INSERT INTO `contacts` (`name`, `email`, `subject`, `message`) VALUES (\'ranggiss\', \'ranggiss@gmail.com\', NULL, NULL)')
 2 SYSTEMPATH\Database\BaseConnection.php(646): CodeIgniter\Database\BaseConnection->simpleQuery('INSERT INTO `contacts` (`name`, `email`, `subject`, `message`) VALUES (\'ranggiss\', \'ranggiss@gmail.com\', NULL, NULL)')
 3 SYSTEMPATH\Database\BaseBuilder.php(2345): CodeIgniter\Database\BaseConnection->query('INSERT INTO `contacts` (`name`, `email`, `subject`, `message`) VALUES (:name:, :email:, :subject:, :message:)', [...], false)
 4 SYSTEMPATH\Model.php(394): CodeIgniter\Database\BaseBuilder->insert()
 5 SYSTEMPATH\BaseModel.php(838): CodeIgniter\Model->doInsert([...])
 6 SYSTEMPATH\Model.php(797): CodeIgniter\BaseModel->insert([...], true)
 7 APPPATH\Controllers\Contact.php(18): CodeIgniter\Model->insert([...])
 8 SYSTEMPATH\CodeIgniter.php(933): App\Controllers\Contact->send()
 9 SYSTEMPATH\CodeIgniter.php(507): CodeIgniter\CodeIgniter->runController(Object(App\Controllers\Contact))
10 SYSTEMPATH\CodeIgniter.php(354): CodeIgniter\CodeIgniter->handleRequest(null, Object(Config\Cache), false)
11 SYSTEMPATH\Boot.php(363): CodeIgniter\CodeIgniter->run()
12 SYSTEMPATH\Boot.php(68): CodeIgniter\Boot::runCodeIgniter(Object(CodeIgniter\CodeIgniter))
13 FCPATH\index.php(59): CodeIgniter\Boot::bootWeb(Object(Config\Paths))
14 SYSTEMPATH\rewrite.php(44): require_once('C:\\xampp\\htdocs\\coffee-time\\public\\index.php')
CRITICAL - 2025-12-30 14:05:54 --> [Caused by] mysqli_sql_exception: Column 'message' cannot be null
in SYSTEMPATH\Database\MySQLi\Connection.php on line 327.
 1 SYSTEMPATH\Database\MySQLi\Connection.php(327): mysqli->query('INSERT INTO `contacts` (`name`, `email`, `subject`, `message`) VALUES (\'ranggiss\', \'ranggiss@gmail.com\', NULL, NULL)', 0)
 2 SYSTEMPATH\Database\BaseConnection.php(729): CodeIgniter\Database\MySQLi\Connection->execute('INSERT INTO `contacts` (`name`, `email`, `subject`, `message`) VALUES (\'ranggiss\', \'ranggiss@gmail.com\', NULL, NULL)')
 3 SYSTEMPATH\Database\BaseConnection.php(646): CodeIgniter\Database\BaseConnection->simpleQuery('INSERT INTO `contacts` (`name`, `email`, `subject`, `message`) VALUES (\'ranggiss\', \'ranggiss@gmail.com\', NULL, NULL)')
 4 SYSTEMPATH\Database\BaseBuilder.php(2345): CodeIgniter\Database\BaseConnection->query('INSERT INTO `contacts` (`name`, `email`, `subject`, `message`) VALUES (:name:, :email:, :subject:, :message:)', [...], false)
 5 SYSTEMPATH\Model.php(394): CodeIgniter\Database\BaseBuilder->insert()
 6 SYSTEMPATH\BaseModel.php(838): CodeIgniter\Model->doInsert([...])
 7 SYSTEMPATH\Model.php(797): CodeIgniter\BaseModel->insert([...], true)
 8 APPPATH\Controllers\Contact.php(18): CodeIgniter\Model->insert([...])
 9 SYSTEMPATH\CodeIgniter.php(933): App\Controllers\Contact->send()
10 SYSTEMPATH\CodeIgniter.php(507): CodeIgniter\CodeIgniter->runController(Object(App\Controllers\Contact))
11 SYSTEMPATH\CodeIgniter.php(354): CodeIgniter\CodeIgniter->handleRequest(null, Object(Config\Cache), false)
12 SYSTEMPATH\Boot.php(363): CodeIgniter\CodeIgniter->run()
13 SYSTEMPATH\Boot.php(68): CodeIgniter\Boot::runCodeIgniter(Object(CodeIgniter\CodeIgniter))
14 FCPATH\index.php(59): CodeIgniter\Boot::bootWeb(Object(Config\Paths))
15 SYSTEMPATH\rewrite.php(44): require_once('C:\\xampp\\htdocs\\coffee-time\\public\\index.php')
DEBUG - 2025-12-30 14:06:26 --> Session: Class initialized using 'CodeIgniter\Session\Handlers\FileHandler' driver.
ERROR - 2025-12-30 14:06:26 --> mysqli_sql_exception: Column 'message' cannot be null in C:\xampp\htdocs\coffee-time\system\Database\MySQLi\Connection.php:327
Stack trace:
#0 C:\xampp\htdocs\coffee-time\system\Database\MySQLi\Connection.php(327): mysqli->query('INSERT INTO `co...', 0)
#1 C:\xampp\htdocs\coffee-time\system\Database\BaseConnection.php(729): CodeIgniter\Database\MySQLi\Connection->execute('INSERT INTO `co...')
#2 C:\xampp\htdocs\coffee-time\system\Database\BaseConnection.php(646): CodeIgniter\Database\BaseConnection->simpleQuery('INSERT INTO `co...')
#3 C:\xampp\htdocs\coffee-time\system\Database\BaseBuilder.php(2345): CodeIgniter\Database\BaseConnection->query('INSERT INTO `co...', Array, false)
#4 C:\xampp\htdocs\coffee-time\system\Model.php(394): CodeIgniter\Database\BaseBuilder->insert()
#5 C:\xampp\htdocs\coffee-time\system\BaseModel.php(838): CodeIgniter\Model->doInsert(Array)
#6 C:\xampp\htdocs\coffee-time\system\Model.php(797): CodeIgniter\BaseModel->insert(Array, true)
#7 C:\xampp\htdocs\coffee-time\app\Controllers\Contact.php(18): CodeIgniter\Model->insert(Array)
#8 C:\xampp\htdocs\coffee-time\system\CodeIgniter.php(933): App\Controllers\Contact->send()
#9 C:\xampp\htdocs\coffee-time\system\CodeIgniter.php(507): CodeIgniter\CodeIgniter->runController(Object(App\Controllers\Contact))
#10 C:\xampp\htdocs\coffee-time\system\CodeIgniter.php(354): CodeIgniter\CodeIgniter->handleRequest(NULL, Object(Config\Cache), false)
#11 C:\xampp\htdocs\coffee-time\system\Boot.php(363): CodeIgniter\CodeIgniter->run()
#12 C:\xampp\htdocs\coffee-time\system\Boot.php(68): CodeIgniter\Boot::runCodeIgniter(Object(CodeIgniter\CodeIgniter))
#13 C:\xampp\htdocs\coffee-time\public\index.php(59): CodeIgniter\Boot::bootWeb(Object(Config\Paths))
#14 C:\xampp\htdocs\coffee-time\system\rewrite.php(44): require_once('C:\\xampp\\htdocs...')
#15 {main}
CRITICAL - 2025-12-30 14:06:26 --> CodeIgniter\Database\Exceptions\DatabaseException: Column 'message' cannot be null
[Method: POST, Route: contact/send]
in SYSTEMPATH\Database\BaseConnection.php on line 684.
 1 SYSTEMPATH\Database\BaseBuilder.php(2345): CodeIgniter\Database\BaseConnection->query('INSERT INTO `contacts` (`name`, `email`, `subject`, `message`) VALUES (:name:, :email:, :subject:, :message:)', [...], false)
 2 SYSTEMPATH\Model.php(394): CodeIgniter\Database\BaseBuilder->insert()
 3 SYSTEMPATH\BaseModel.php(838): CodeIgniter\Model->doInsert([...])
 4 SYSTEMPATH\Model.php(797): CodeIgniter\BaseModel->insert([...], true)
 5 APPPATH\Controllers\Contact.php(18): CodeIgniter\Model->insert([...])
 6 SYSTEMPATH\CodeIgniter.php(933): App\Controllers\Contact->send()
 7 SYSTEMPATH\CodeIgniter.php(507): CodeIgniter\CodeIgniter->runController(Object(App\Controllers\Contact))
 8 SYSTEMPATH\CodeIgniter.php(354): CodeIgniter\CodeIgniter->handleRequest(null, Object(Config\Cache), false)
 9 SYSTEMPATH\Boot.php(363): CodeIgniter\CodeIgniter->run()
10 SYSTEMPATH\Boot.php(68): CodeIgniter\Boot::runCodeIgniter(Object(CodeIgniter\CodeIgniter))
11 FCPATH\index.php(59): CodeIgniter\Boot::bootWeb(Object(Config\Paths))
12 SYSTEMPATH\rewrite.php(44): require_once('C:\\xampp\\htdocs\\coffee-time\\public\\index.php')
CRITICAL - 2025-12-30 14:06:26 --> [Caused by] CodeIgniter\Database\Exceptions\DatabaseException: Column 'message' cannot be null
in SYSTEMPATH\Database\MySQLi\Connection.php on line 332.
 1 SYSTEMPATH\Database\BaseConnection.php(729): CodeIgniter\Database\MySQLi\Connection->execute('INSERT INTO `contacts` (`name`, `email`, `subject`, `message`) VALUES (\'ranggiss\', \'ranggiss@gmail.com\', NULL, NULL)')
 2 SYSTEMPATH\Database\BaseConnection.php(646): CodeIgniter\Database\BaseConnection->simpleQuery('INSERT INTO `contacts` (`name`, `email`, `subject`, `message`) VALUES (\'ranggiss\', \'ranggiss@gmail.com\', NULL, NULL)')
 3 SYSTEMPATH\Database\BaseBuilder.php(2345): CodeIgniter\Database\BaseConnection->query('INSERT INTO `contacts` (`name`, `email`, `subject`, `message`) VALUES (:name:, :email:, :subject:, :message:)', [...], false)
 4 SYSTEMPATH\Model.php(394): CodeIgniter\Database\BaseBuilder->insert()
 5 SYSTEMPATH\BaseModel.php(838): CodeIgniter\Model->doInsert([...])
 6 SYSTEMPATH\Model.php(797): CodeIgniter\BaseModel->insert([...], true)
 7 APPPATH\Controllers\Contact.php(18): CodeIgniter\Model->insert([...])
 8 SYSTEMPATH\CodeIgniter.php(933): App\Controllers\Contact->send()
 9 SYSTEMPATH\CodeIgniter.php(507): CodeIgniter\CodeIgniter->runController(Object(App\Controllers\Contact))
10 SYSTEMPATH\CodeIgniter.php(354): CodeIgniter\CodeIgniter->handleRequest(null, Object(Config\Cache), false)
11 SYSTEMPATH\Boot.php(363): CodeIgniter\CodeIgniter->run()
12 SYSTEMPATH\Boot.php(68): CodeIgniter\Boot::runCodeIgniter(Object(CodeIgniter\CodeIgniter))
13 FCPATH\index.php(59): CodeIgniter\Boot::bootWeb(Object(Config\Paths))
14 SYSTEMPATH\rewrite.php(44): require_once('C:\\xampp\\htdocs\\coffee-time\\public\\index.php')
CRITICAL - 2025-12-30 14:06:26 --> [Caused by] mysqli_sql_exception: Column 'message' cannot be null
in SYSTEMPATH\Database\MySQLi\Connection.php on line 327.
 1 SYSTEMPATH\Database\MySQLi\Connection.php(327): mysqli->query('INSERT INTO `contacts` (`name`, `email`, `subject`, `message`) VALUES (\'ranggiss\', \'ranggiss@gmail.com\', NULL, NULL)', 0)
 2 SYSTEMPATH\Database\BaseConnection.php(729): CodeIgniter\Database\MySQLi\Connection->execute('INSERT INTO `contacts` (`name`, `email`, `subject`, `message`) VALUES (\'ranggiss\', \'ranggiss@gmail.com\', NULL, NULL)')
 3 SYSTEMPATH\Database\BaseConnection.php(646): CodeIgniter\Database\BaseConnection->simpleQuery('INSERT INTO `contacts` (`name`, `email`, `subject`, `message`) VALUES (\'ranggiss\', \'ranggiss@gmail.com\', NULL, NULL)')
 4 SYSTEMPATH\Database\BaseBuilder.php(2345): CodeIgniter\Database\BaseConnection->query('INSERT INTO `contacts` (`name`, `email`, `subject`, `message`) VALUES (:name:, :email:, :subject:, :message:)', [...], false)
 5 SYSTEMPATH\Model.php(394): CodeIgniter\Database\BaseBuilder->insert()
 6 SYSTEMPATH\BaseModel.php(838): CodeIgniter\Model->doInsert([...])
 7 SYSTEMPATH\Model.php(797): CodeIgniter\BaseModel->insert([...], true)
 8 APPPATH\Controllers\Contact.php(18): CodeIgniter\Model->insert([...])
 9 SYSTEMPATH\CodeIgniter.php(933): App\Controllers\Contact->send()
10 SYSTEMPATH\CodeIgniter.php(507): CodeIgniter\CodeIgniter->runController(Object(App\Controllers\Contact))
11 SYSTEMPATH\CodeIgniter.php(354): CodeIgniter\CodeIgniter->handleRequest(null, Object(Config\Cache), false)
12 SYSTEMPATH\Boot.php(363): CodeIgniter\CodeIgniter->run()
13 SYSTEMPATH\Boot.php(68): CodeIgniter\Boot::runCodeIgniter(Object(CodeIgniter\CodeIgniter))
14 FCPATH\index.php(59): CodeIgniter\Boot::bootWeb(Object(Config\Paths))
15 SYSTEMPATH\rewrite.php(44): require_once('C:\\xampp\\htdocs\\coffee-time\\public\\index.php')
DEBUG - 2025-12-30 14:08:41 --> Session: Class initialized using 'CodeIgniter\Session\Handlers\FileHandler' driver.
DEBUG - 2025-12-30 14:08:52 --> Session: Class initialized using 'CodeIgniter\Session\Handlers\FileHandler' driver.
DEBUG - 2025-12-30 14:08:52 --> Session: Class initialized using 'CodeIgniter\Session\Handlers\FileHandler' driver.
DEBUG - 2025-12-30 14:10:23 --> Session: Class initialized using 'CodeIgniter\Session\Handlers\FileHandler' driver.
DEBUG - 2025-12-30 14:10:29 --> Session: Class initialized using 'CodeIgniter\Session\Handlers\FileHandler' driver.
DEBUG - 2025-12-30 14:10:29 --> Session: Class initialized using 'CodeIgniter\Session\Handlers\FileHandler' driver.
DEBUG - 2025-12-30 14:11:54 --> Session: Class initialized using 'CodeIgniter\Session\Handlers\FileHandler' driver.
DEBUG - 2025-12-30 14:12:03 --> Session: Class initialized using 'CodeIgniter\Session\Handlers\FileHandler' driver.
DEBUG - 2025-12-30 14:12:03 --> Session: Class initialized using 'CodeIgniter\Session\Handlers\FileHandler' driver.
DEBUG - 2025-12-30 14:17:44 --> Session: Class initialized using 'CodeIgniter\Session\Handlers\FileHandler' driver.
DEBUG - 2025-12-30 14:18:05 --> Session: Class initialized using 'CodeIgniter\Session\Handlers\FileHandler' driver.
DEBUG - 2025-12-30 14:20:03 --> Session: Class initialized using 'CodeIgniter\Session\Handlers\FileHandler' driver.
DEBUG - 2025-12-30 14:20:16 --> Session: Class initialized using 'CodeIgniter\Session\Handlers\FileHandler' driver.
DEBUG - 2025-12-30 14:22:48 --> Session: Class initialized using 'CodeIgniter\Session\Handlers\FileHandler' driver.
DEBUG - 2025-12-30 14:25:30 --> Session: Class initialized using 'CodeIgniter\Session\Handlers\FileHandler' driver.
DEBUG - 2025-12-30 14:25:38 --> Session: Class initialized using 'CodeIgniter\Session\Handlers\FileHandler' driver.
DEBUG - 2025-12-30 14:27:26 --> Session: Class initialized using 'CodeIgniter\Session\Handlers\FileHandler' driver.
DEBUG - 2025-12-30 14:27:34 --> Session: Class initialized using 'CodeIgniter\Session\Handlers\FileHandler' driver.
DEBUG - 2025-12-30 14:27:48 --> Session: Class initialized using 'CodeIgniter\Session\Handlers\FileHandler' driver.
DEBUG - 2025-12-30 14:28:37 --> Session: Class initialized using 'CodeIgniter\Session\Handlers\FileHandler' driver.
DEBUG - 2025-12-30 14:28:44 --> Session: Class initialized using 'CodeIgniter\Session\Handlers\FileHandler' driver.
DEBUG - 2025-12-30 14:29:00 --> Session: Class initialized using 'CodeIgniter\Session\Handlers\FileHandler' driver.
DEBUG - 2025-12-30 14:29:32 --> Session: Class initialized using 'CodeIgniter\Session\Handlers\FileHandler' driver.
DEBUG - 2025-12-30 14:30:48 --> Session: Class initialized using 'CodeIgniter\Session\Handlers\FileHandler' driver.
DEBUG - 2025-12-30 14:30:55 --> Session: Class initialized using 'CodeIgniter\Session\Handlers\FileHandler' driver.
DEBUG - 2025-12-30 14:32:40 --> Session: Class initialized using 'CodeIgniter\Session\Handlers\FileHandler' driver.
DEBUG - 2025-12-30 14:32:47 --> Session: Class initialized using 'CodeIgniter\Session\Handlers\FileHandler' driver.
DEBUG - 2025-12-30 14:32:57 --> Session: Class initialized using 'CodeIgniter\Session\Handlers\FileHandler' driver.
DEBUG - 2025-12-30 14:33:34 --> Session: Class initialized using 'CodeIgniter\Session\Handlers\FileHandler' driver.
DEBUG - 2025-12-30 14:33:40 --> Session: Class initialized using 'CodeIgniter\Session\Handlers\FileHandler' driver.
DEBUG - 2025-12-30 14:36:32 --> Session: Class initialized using 'CodeIgniter\Session\Handlers\FileHandler' driver.
DEBUG - 2025-12-30 14:36:33 --> Session: Class initialized using 'CodeIgniter\Session\Handlers\FileHandler' driver.
DEBUG - 2025-12-30 14:37:42 --> Session: Class initialized using 'CodeIgniter\Session\Handlers\FileHandler' driver.
DEBUG - 2025-12-30 14:38:02 --> Session: Class initialized using 'CodeIgniter\Session\Handlers\FileHandler' driver.
DEBUG - 2025-12-30 14:38:12 --> Session: Class initialized using 'CodeIgniter\Session\Handlers\FileHandler' driver.
DEBUG - 2025-12-30 14:38:20 --> Session: Class initialized using 'CodeIgniter\Session\Handlers\FileHandler' driver.
DEBUG - 2025-12-30 14:38:26 --> Session: Class initialized using 'CodeIgniter\Session\Handlers\FileHandler' driver.
DEBUG - 2025-12-30 14:38:30 --> Session: Class initialized using 'CodeIgniter\Session\Handlers\FileHandler' driver.
DEBUG - 2025-12-30 14:38:42 --> Session: Class initialized using 'CodeIgniter\Session\Handlers\FileHandler' driver.
DEBUG - 2025-12-30 14:38:53 --> Session: Class initialized using 'CodeIgniter\Session\Handlers\FileHandler' driver.
DEBUG - 2025-12-30 14:39:02 --> Session: Class initialized using 'CodeIgniter\Session\Handlers\FileHandler' driver.
DEBUG - 2025-12-30 14:39:12 --> Session: Class initialized using 'CodeIgniter\Session\Handlers\FileHandler' driver.
DEBUG - 2025-12-30 14:39:24 --> Session: Class initialized using 'CodeIgniter\Session\Handlers\FileHandler' driver.
DEBUG - 2025-12-30 14:43:03 --> Session: Class initialized using 'CodeIgniter\Session\Handlers\FileHandler' driver.
DEBUG - 2025-12-30 14:46:33 --> Session: Class initialized using 'CodeIgniter\Session\Handlers\FileHandler' driver.
DEBUG - 2025-12-30 14:46:39 --> Session: Class initialized using 'CodeIgniter\Session\Handlers\FileHandler' driver.
DEBUG - 2025-12-30 14:46:46 --> Session: Class initialized using 'CodeIgniter\Session\Handlers\FileHandler' driver.
DEBUG - 2025-12-30 14:51:43 --> Session: Class initialized using 'CodeIgniter\Session\Handlers\FileHandler' driver.
DEBUG - 2025-12-30 14:51:45 --> Session: Class initialized using 'CodeIgniter\Session\Handlers\FileHandler' driver.
DEBUG - 2025-12-30 14:52:07 --> Session: Class initialized using 'CodeIgniter\Session\Handlers\FileHandler' driver.
DEBUG - 2025-12-30 14:52:10 --> Session: Class initialized using 'CodeIgniter\Session\Handlers\FileHandler' driver.
DEBUG - 2025-12-30 14:58:14 --> Session: Class initialized using 'CodeIgniter\Session\Handlers\FileHandler' driver.
DEBUG - 2025-12-30 14:58:22 --> Session: Class initialized using 'CodeIgniter\Session\Handlers\FileHandler' driver.
DEBUG - 2025-12-30 14:58:26 --> Session: Class initialized using 'CodeIgniter\Session\Handlers\FileHandler' driver.
DEBUG - 2025-12-30 14:58:31 --> Session: Class initialized using 'CodeIgniter\Session\Handlers\FileHandler' driver.
DEBUG - 2025-12-30 15:00:17 --> Session: Class initialized using 'CodeIgniter\Session\Handlers\FileHandler' driver.
DEBUG - 2025-12-30 15:00:57 --> Session: Class initialized using 'CodeIgniter\Session\Handlers\FileHandler' driver.
DEBUG - 2025-12-30 15:16:31 --> Session: Class initialized using 'CodeIgniter\Session\Handlers\FileHandler' driver.
DEBUG - 2025-12-30 15:23:48 --> Session: Class initialized using 'CodeIgniter\Session\Handlers\FileHandler' driver.
DEBUG - 2025-12-30 15:29:52 --> Session: Class initialized using 'CodeIgniter\Session\Handlers\FileHandler' driver.
DEBUG - 2025-12-30 15:32:18 --> Session: Class initialized using 'CodeIgniter\Session\Handlers\FileHandler' driver.
CRITICAL - 2025-12-30 15:32:18 --> ErrorException: Cannot declare class App\Controllers\Payment, because the name is already in use
[Method: GET, Route: payment/CT-20251230-1874]
in APPPATH\Views\pages\Payment.php on line 7.
 1 [internal function]: CodeIgniter\Debug\Exceptions->shutdownHandler()
DEBUG - 2025-12-30 15:35:08 --> Session: Class initialized using 'CodeIgniter\Session\Handlers\FileHandler' driver.
DEBUG - 2025-12-30 15:35:22 --> Session: Class initialized using 'CodeIgniter\Session\Handlers\FileHandler' driver.
DEBUG - 2025-12-30 15:35:22 --> Session: Class initialized using 'CodeIgniter\Session\Handlers\FileHandler' driver.
DEBUG - 2025-12-30 15:35:23 --> Session: Class initialized using 'CodeIgniter\Session\Handlers\FileHandler' driver.
DEBUG - 2025-12-30 15:35:27 --> Session: Class initialized using 'CodeIgniter\Session\Handlers\FileHandler' driver.
DEBUG - 2025-12-30 15:35:30 --> Session: Class initialized using 'CodeIgniter\Session\Handlers\FileHandler' driver.
DEBUG - 2025-12-30 15:35:31 --> Session: Class initialized using 'CodeIgniter\Session\Handlers\FileHandler' driver.
DEBUG - 2025-12-30 15:35:37 --> Session: Class initialized using 'CodeIgniter\Session\Handlers\FileHandler' driver.
DEBUG - 2025-12-30 15:35:38 --> Session: Class initialized using 'CodeIgniter\Session\Handlers\FileHandler' driver.
DEBUG - 2025-12-30 15:35:45 --> Session: Class initialized using 'CodeIgniter\Session\Handlers\FileHandler' driver.
DEBUG - 2025-12-30 15:35:45 --> Session: Class initialized using 'CodeIgniter\Session\Handlers\FileHandler' driver.
DEBUG - 2025-12-30 15:35:52 --> Session: Class initialized using 'CodeIgniter\Session\Handlers\FileHandler' driver.
DEBUG - 2025-12-30 15:35:53 --> Session: Class initialized using 'CodeIgniter\Session\Handlers\FileHandler' driver.
DEBUG - 2025-12-30 15:41:39 --> Session: Class initialized using 'CodeIgniter\Session\Handlers\FileHandler' driver.
DEBUG - 2025-12-30 15:42:09 --> Session: Class initialized using 'CodeIgniter\Session\Handlers\FileHandler' driver.
DEBUG - 2025-12-30 15:44:13 --> Session: Class initialized using 'CodeIgniter\Session\Handlers\FileHandler' driver.
DEBUG - 2025-12-30 15:44:13 --> Session: Class initialized using 'CodeIgniter\Session\Handlers\FileHandler' driver.
DEBUG - 2025-12-30 15:44:15 --> Session: Class initialized using 'CodeIgniter\Session\Handlers\FileHandler' driver.
DEBUG - 2025-12-30 15:44:16 --> Session: Class initialized using 'CodeIgniter\Session\Handlers\FileHandler' driver.
DEBUG - 2025-12-30 15:44:18 --> Session: Class initialized using 'CodeIgniter\Session\Handlers\FileHandler' driver.
DEBUG - 2025-12-30 15:46:13 --> Session: Class initialized using 'CodeIgniter\Session\Handlers\FileHandler' driver.
DEBUG - 2025-12-30 15:48:50 --> Session: Class initialized using 'CodeIgniter\Session\Handlers\FileHandler' driver.
DEBUG - 2025-12-30 15:49:04 --> Session: Class initialized using 'CodeIgniter\Session\Handlers\FileHandler' driver.
DEBUG - 2025-12-30 15:54:55 --> Session: Class initialized using 'CodeIgniter\Session\Handlers\FileHandler' driver.
DEBUG - 2025-12-30 15:56:15 --> Session: Class initialized using 'CodeIgniter\Session\Handlers\FileHandler' driver.
DEBUG - 2025-12-30 15:56:28 --> Session: Class initialized using 'CodeIgniter\Session\Handlers\FileHandler' driver.
DEBUG - 2025-12-30 15:56:32 --> Session: Class initialized using 'CodeIgniter\Session\Handlers\FileHandler' driver.
DEBUG - 2025-12-30 15:56:34 --> Session: Class initialized using 'CodeIgniter\Session\Handlers\FileHandler' driver.
DEBUG - 2025-12-30 15:56:34 --> Session: Class initialized using 'CodeIgniter\Session\Handlers\FileHandler' driver.
DEBUG - 2025-12-30 15:56:37 --> Session: Class initialized using 'CodeIgniter\Session\Handlers\FileHandler' driver.
DEBUG - 2025-12-30 15:56:37 --> Session: Class initialized using 'CodeIgniter\Session\Handlers\FileHandler' driver.
DEBUG - 2025-12-30 15:56:49 --> Session: Class initialized using 'CodeIgniter\Session\Handlers\FileHandler' driver.
DEBUG - 2025-12-30 15:56:50 --> Session: Class initialized using 'CodeIgniter\Session\Handlers\FileHandler' driver.
DEBUG - 2025-12-30 15:57:05 --> Session: Class initialized using 'CodeIgniter\Session\Handlers\FileHandler' driver.
DEBUG - 2025-12-30 15:57:06 --> Session: Class initialized using 'CodeIgniter\Session\Handlers\FileHandler' driver.
DEBUG - 2025-12-30 15:57:10 --> Session: Class initialized using 'CodeIgniter\Session\Handlers\FileHandler' driver.
DEBUG - 2025-12-30 15:57:14 --> Session: Class initialized using 'CodeIgniter\Session\Handlers\FileHandler' driver.
DEBUG - 2025-12-30 16:03:37 --> Session: Class initialized using 'CodeIgniter\Session\Handlers\FileHandler' driver.
DEBUG - 2025-12-30 16:03:46 --> Session: Class initialized using 'CodeIgniter\Session\Handlers\FileHandler' driver.
DEBUG - 2025-12-30 16:03:52 --> Session: Class initialized using 'CodeIgniter\Session\Handlers\FileHandler' driver.
DEBUG - 2025-12-30 16:03:52 --> Session: Class initialized using 'CodeIgniter\Session\Handlers\FileHandler' driver.
DEBUG - 2025-12-30 16:03:55 --> Session: Class initialized using 'CodeIgniter\Session\Handlers\FileHandler' driver.
DEBUG - 2025-12-30 16:03:55 --> Session: Class initialized using 'CodeIgniter\Session\Handlers\FileHandler' driver.
DEBUG - 2025-12-30 16:03:59 --> Session: Class initialized using 'CodeIgniter\Session\Handlers\FileHandler' driver.
DEBUG - 2025-12-30 16:03:59 --> Session: Class initialized using 'CodeIgniter\Session\Handlers\FileHandler' driver.
DEBUG - 2025-12-30 16:08:14 --> Session: Class initialized using 'CodeIgniter\Session\Handlers\FileHandler' driver.
DEBUG - 2025-12-30 16:08:17 --> Session: Class initialized using 'CodeIgniter\Session\Handlers\FileHandler' driver.
DEBUG - 2025-12-30 16:08:17 --> Session: Class initialized using 'CodeIgniter\Session\Handlers\FileHandler' driver.
DEBUG - 2025-12-30 16:08:21 --> Session: Class initialized using 'CodeIgniter\Session\Handlers\FileHandler' driver.
DEBUG - 2025-12-30 16:08:21 --> Session: Class initialized using 'CodeIgniter\Session\Handlers\FileHandler' driver.
DEBUG - 2025-12-30 16:08:26 --> Session: Class initialized using 'CodeIgniter\Session\Handlers\FileHandler' driver.
DEBUG - 2025-12-30 16:08:26 --> Session: Class initialized using 'CodeIgniter\Session\Handlers\FileHandler' driver.
DEBUG - 2025-12-30 16:08:46 --> Session: Class initialized using 'CodeIgniter\Session\Handlers\FileHandler' driver.
